product-id,product-name,ext-prim-category-id,primary-product-category-id,categories,remove-from-categories,product-sku,parent-product-sku,position,short-description,long-description,list-price,hsn-code,start-selling-date,is-serialized,is-digital,product-type,weight,weight-uom-id,height,width,depth,dimension-uom-id,product-url-name,publish,sales-channel,bar-code,MPN,currency-uom-id,features,features-options,good-identifications,attributes,brand-name,image,additional-images,charge-shipping,shipping-weight,tags,remove-tags,taxable,comments
,So Plush Plumper Lip Gloss (GWP),,,,,julep-8843020402711,,,,"Looking to enhance the volume and fullness of your lips, naturally? Infused with hydrating oils and nourishing skincare-inspired ingredients, Julep’s smooth So Plush Plumper Lip Gloss delivers sheer, shiny color that boosts your pout. The signature Maxilip plumping complex helps to gently boost your pout for results you can see instantly.",,,,,,FINISHED_GOOD,,,,,,,,Y,Company,,,,Brand,Julep,SHOPIFY_PROD_ID:8843020402711,,Julep,,,,,,,,
,So Plush Plumper Lip Gloss (GWP),,,,,0231-0007024,julep-8843020402711,1,,,0.00,,,,,FINISHED_GOOD,,,,,,,,Y,Company,,,,Brand|Title,Julep|Standard,SHOPIFY_PROD_ID:45175162372119,,Julep,,,,,,,,
,Length Matters & Lip Pudding Duo,,,,,julep-8832228720663,,,,,,,,,,FINISHED_GOOD,,,,,,,,Y,Company,,,,Brand,Julep,SHOPIFY_PROD_ID:8832228720663,,Julep,,,,,,,,
,Length Matters & Lip Pudding Duo - Vanilla,,,,,LENGTH-VAN,julep-8832228720663,1,,,14.00,,,,,FINISHED_GOOD,,,,,,,,Y,Company,,,,Brand|Shade,Julep|Vanilla,SHOPIFY_PROD_ID:45150905958423,,Julep,,,,,,,,
,Length Matters & Lip Pudding Duo - Candy,,,,,LENGTH-CAN,julep-8832228720663,2,,,14.00,,,,,FINISHED_GOOD,,,,,,,,Y,Company,,,,Brand|Shade,Julep|Candy,SHOPIFY_PROD_ID:45150905991191,,Julep,,,,,,,,
,So Appealing Peel-Off Lip Tint Trio,,,,,julep-8823207198743,,,,,,,,,,FINISHED_GOOD,,,,,,,,Y,Company,,,,Brand,Julep,SHOPIFY_PROD_ID:8823207198743,,Julep,,,,,,,,
,So Appealing Peel-Off Lip Tint Trio,,,,,SO-PEEL-TRIO,julep-8823207198743,1,,,48.00,,,,,FINISHED_GOOD,,,,,,,,Y,Company,,,,Brand|Title,Julep|Standard,SHOPIFY_PROD_ID:45134741897239,,Julep,,,,,,,,
,So Appealing Peel-Off Lip Tint,,,,,julep-8823140483095,,,,,,,,,,FINISHED_GOOD,,,,,,,,Y,Company,,,,Brand,Julep,SHOPIFY_PROD_ID:8823140483095,,Julep,,,,,,,,
,So Appealing Peel-Off Lip Tint - Lychee,,,,,0230-0032012,julep-8823140483095,1,,,16.00,,,,,FINISHED_GOOD,,,,,,,,Y,Company,,,,Brand|Shade,Julep|Lychee,SHOPIFY_PROD_ID:45134568751127,,Julep,,,,,,,,
,So Appealing Peel-Off Lip Tint - Coconut,,,,,0230-0032013,julep-8823140483095,2,,,16.00,,,,,FINISHED_GOOD,,,,,,,,Y,Company,,,,Brand|Shade,Julep|Coconut,SHOPIFY_PROD_ID:45134568783895,,Julep,,,,,,,,
,So Appealing Peel-Off Lip Tint - Cherry,,,,,0230-0032014,julep-8823140483095,3,,,16.00,,,,,FINISHED_GOOD,,,,,,,,Y,Company,,,,Brand|Shade,Julep|Cherry,SHOPIFY_PROD_ID:45134568816663,,Julep,,,,,,,,
,Inner Radiance Shimmering Eyeshadow Set (3 PC),,,,,julep-6889922002967,,,,"This 3PC kit includes all you need to easily enhance your eyes for an enhanced, natural look for everyday. It features two beautiful Eyeshadow 101 shades that apply and blend like a dream, along with a fan-fave mascara for instantly longer lashes.",,,,,,FINISHED_GOOD,,,,,,,,Y,Company,,,,Brand,Julep,SHOPIFY_PROD_ID:6889922002967,,Julep,,,,,,,,
,Inner Radiance Shimmering Eyeshadow Set (3 PC),,,,,DUOMASC-BUND-2,julep-6889922002967,1,,,40.00,,,,,FINISHED_GOOD,,,,,,,,Y,Company,,,,Brand|Title,Julep|Standard,SHOPIFY_PROD_ID:40569219776535,,Julep,,,,,,,,
,Lip Pudding Deep-Hydration Lip Balm,,,,,julep-8752423010327,,,,,,,,,,FINISHED_GOOD,,,,,,,,Y,Company,,,,Brand,Julep,SHOPIFY_PROD_ID:8752423010327,,Julep,,,,,,,,
,Lip Pudding Deep-Hydration Lip Balm - Vanilla,,,,,0230-0032017,julep-8752423010327,1,,,14.00,,,,,FINISHED_GOOD,,,,,,,,Y,Company,,,,Brand|Shade,Julep|Vanilla,SHOPIFY_PROD_ID:44740746117143,,Julep,,,,,,,,
,Lip Pudding Deep-Hydration Lip Balm - Candy,,,,,0230-0032019,julep-8752423010327,2,,,14.00,,,,,FINISHED_GOOD,,,,,,,,Y,Company,,,,Brand|Shade,Julep|Candy,SHOPIFY_PROD_ID:44740746149911,,Julep,,,,,,,,
,6 PC Eyeshadow 101 Crème-to-Powder Waterproof Eyeshadow Stick,,,,,julep-6723066462231,,,,"Choose your favorite 6 pc set! No brush required when using this pigment-packed formula that glides effortlessly across lids before drying to a waterproof powder finish. how to use: Sweep directly across lids. Blend with fingers or the built-in smudger before the formula sets. For best results, prime the smudger by coating it with color prior to use.",,,,,,FINISHED_GOOD,,,,,,,,Y,Company,,,,Brand,Julep,SHOPIFY_PROD_ID:6723066462231,,Julep,,,,,,,,
,6 PC Eyeshadow 101 Crème-to-Powder Waterproof Eyeshadow Stick - Matte Magic,,,,,6PC-MATTE-BUND,julep-6723066462231,1,,,72.00,,,,,FINISHED_GOOD,,,,,,,,Y,Company,,,,Brand|Color,Julep|Matte Magic,SHOPIFY_PROD_ID:40561973297175,,Julep,,,,,,,,
,6 PC Eyeshadow 101 Crème-to-Powder Waterproof Eyeshadow Stick - Garden Party,,,,,1016PC2-Bundle,julep-6723066462231,2,,,72.00,,,,,FINISHED_GOOD,,,,,,,,Y,Company,,,,Brand|Color,Julep|Garden Party,SHOPIFY_PROD_ID:40104761196567,,Julep,,,,,,,,
,6 PC Eyeshadow 101 Crème-to-Powder Waterproof Eyeshadow Stick - Bold Basics,,,,,1016PC1-Bundle,julep-6723066462231,3,,,72.00,,,,,FINISHED_GOOD,,,,,,,,Y,Company,,,,Brand|Color,Julep|Bold Basics,SHOPIFY_PROD_ID:40104761229335,,Julep,,,,,,,,
,The Perfect Pair Duo,,,,,julep-8750013087767,,,,"Define, hydrate, and perfect your pout with this effortless lip duo. Start with the With a Trace Retractable Lip Liner to shape and lock in color, then glide on It’s Balm Lip Crayon for smooth, full-coverage color with a moisturizing, balm-like feel. Together, they deliver long-lasting definition and comfortable, hydrated lips in just a few swipes.",,,,,,FINISHED_GOOD,,,,,,,,Y,Company,,,,Brand,Julep,SHOPIFY_PROD_ID:8750013087767,,Julep,,,,,,,,
,The Perfect Pair Duo - Canyon Rose + Antique Rose,,,,,BALM-DUO-CRAR,julep-8750013087767,1,,,22.00,,,,,FINISHED_GOOD,,,,,,,,Y,Company,,,,Brand|Shade,Julep|Canyon Rose + Antique Rose,SHOPIFY_PROD_ID:44731590017047,,Julep,,,,,,,,
,The Perfect Pair Duo - Vintage Mauve + Velvet Mauve,,,,,BALM-DUO-VMVM,julep-8750013087767,2,,,22.00,,,,,FINISHED_GOOD,,,,,,,,Y,Company,,,,Brand|Shade,Julep|Vintage Mauve + Velvet Mauve,SHOPIFY_PROD_ID:44731590049815,,Julep,,,,,,,,
,The Perfect Pair Duo - Cherry Wood + Rich Black Cherry,,,,,BALM-DUO-CWRBC,julep-8750013087767,3,,,22.00,,,,,FINISHED_GOOD,,,,,,,,Y,Company,,,,Brand|Shade,Julep|Cherry Wood + Rich Black Cherry,SHOPIFY_PROD_ID:44731590082583,,Julep,,,,,,,,
,The Perfect Pair Duo - 90s Neutral + Sweet Truffle,,,,,BALM-DUO-90ST,julep-8750013087767,4,,,22.00,,,,,FINISHED_GOOD,,,,,,,,Y,Company,,,,Brand|Shade,Julep|90s Neutral + Sweet Truffle,SHOPIFY_PROD_ID:44731590115351,,Julep,,,,,,,,
,The Perfect Pair Duo - Rich Plum + Rich Black Cherry,,,,,BALM-DUO-RPRBC,julep-8750013087767,5,,,22.00,,,,,FINISHED_GOOD,,,,,,,,Y,Company,,,,Brand|Shade,Julep|Rich Plum + Rich Black Cherry,SHOPIFY_PROD_ID:44731590148119,,Julep,,,,,,,,
,The Perfect Pair Duo - Black Cherry + Rich Black Cherry,,,,,BALM-DUO-BCRBC,julep-8750013087767,6,,,22.00,,,,,FINISHED_GOOD,,,,,,,,Y,Company,,,,Brand|Shade,Julep|Black Cherry + Rich Black Cherry,SHOPIFY_PROD_ID:44731590180887,,Julep,,,,,,,,
,It’s Balm Moisturizing Lip Color Trios,,,,,julep-8640246317079,,,,"Creamy, full-coverage lip crayon with a hydrating core that moisturizes and conditions lips. Sunflower butter + vitamin E nourish lips while ultra-fine pigments give bold color and a smooth semi-gloss shine.",,,,,,FINISHED_GOOD,,,,,,,,Y,Company,,,,Brand,Julep,SHOPIFY_PROD_ID:8640246317079,,Julep,,,,,,,,
,It’s Balm Moisturizing Lip Color Trios - Neutral to Sultry,,,,,H24-ITBALMTRIO,julep-8640246317079,1,,,34.00,,,,,FINISHED_GOOD,,,,,,,,Y,Company,,,,Brand|Shade,Julep|Neutral to Sultry,SHOPIFY_PROD_ID:44091067006999,,Julep,,,,,,,,
,It’s Balm Moisturizing Lip Color Trios - Cherry Orchid Nudes,,,,,9993-9993021,julep-8640246317079,2,,,34.00,,,,,FINISHED_GOOD,,,,,,,,Y,Company,,,,Brand|Shade,Julep|Cherry Orchid Nudes,SHOPIFY_PROD_ID:44091070316567,,Julep,,,,,,,,
,It’s Balm Moisturizing Lip Color Trios - 90's Rose Mauve,,,,,ITS-BALM-TRIO-C,julep-8640246317079,3,,,34.00,,,,,FINISHED_GOOD,,,,,,,,Y,Company,,,,Brand|Shade,Julep|90's Rose Mauve,SHOPIFY_PROD_ID:44091070349335,,Julep,,,,,,,,
,It’s Balm Moisturizing Lip Color Trios - Spiced Neutrals,,,,,BALM-TRIO-TTS,julep-8640246317079,4,,,34.00,,,,,FINISHED_GOOD,,,,,,,,Y,Company,,,,Brand|Shade,Julep|Spiced Neutrals,SHOPIFY_PROD_ID:44091106820119,,Julep,,,,,,,,
,Simply Subtle Natural Eyeshadow Set (3 PC),,,,,julep-6889922101271,,,,"This 3PC kit includes all you need to easily enhance your eyes for an enhanced, natural look for everyday. It features two beautiful Eyeshadow 101 shades that apply and blend like a dream, along with a fan-fave mascara for instant ly longer lashes.",,,,,,FINISHED_GOOD,,,,,,,,Y,Company,,,,Brand,Julep,SHOPIFY_PROD_ID:6889922101271,,Julep,,,,,,,,
,Simply Subtle Natural Eyeshadow Set (3 PC),,,,,DUOMASC-BUND-1,julep-6889922101271,1,,,40.00,,,,,FINISHED_GOOD,,,,,,,,Y,Company,,,,Brand|Title,Julep|Standard,SHOPIFY_PROD_ID:40569220759575,,Julep,,,,,,,,
,So Plush Glossy Lip Oil (Rosy Glow),,,,,julep-8693685780503,,,,"Use this sheer, nourishing formula to help revitalize dry lips while moisturizing with skin-friendly botanical oils.",,,,,,FINISHED_GOOD,,,,,,,,Y,Company,,,,Brand,Julep,SHOPIFY_PROD_ID:8693685780503,,Julep,,,,,,,,
,So Plush Glossy Lip Oil (Rosy Glow),,,,,0230-0039002,julep-8693685780503,1,,,8.00,,,,,FINISHED_GOOD,,,,,,,,Y,Company,,,,Brand|Title,Julep|Standard,SHOPIFY_PROD_ID:44286228070423,,Julep,,,,,,,,
,Length Matters Mascara,,,,,julep-8693702295575,,,,"A buildable, jet black mascara with an extreme lengthening formula that coats lashes from root to tip. The unique, finely tapered micro-bristle brush defines individual lashes and layers for a softly curled, wide-eyed look that stretches the limits. To use: Start at the base of your lash line, and pull wand upward smoothly without wiggling. Repeat, applying additional coats until you achieve your desired look. 0.35 oz, 10.1 g",,,,,,FINISHED_GOOD,,,,,,,,Y,Company,,,,Brand,Julep,SHOPIFY_PROD_ID:8693702295575,,Julep,,,,,,,,
,Length Matters Mascara,,,,,0223-0009002,julep-8693702295575,1,,,15.00,,,,,FINISHED_GOOD,,,,,,,,Y,Company,,,,Brand|Title,Julep|Standard,SHOPIFY_PROD_ID:44287018401815,,Julep,,,,,,,,
,Vitamin E Hydrating Cream Cleanser,,,,,julep-8693701476375,,,,"Pamper your skin with this rich, creamy cleanser infused with the nourishing power of Vitamin E. Designed to gently lift away impurities, makeup, and excess oil without stripping skin’s natural moisture, this cleanser leaves your complexion soft, supple, and perfectly refreshed.",,,,,,FINISHED_GOOD,,,,,,,,Y,Company,,,,Brand,Julep,SHOPIFY_PROD_ID:8693701476375,,Julep,,,,,,,,
,Vitamin E Hydrating Cream Cleanser,,,,,0203-0027002,julep-8693701476375,1,,,14.00,,,,,FINISHED_GOOD,,,,,,,,Y,Company,,,,Brand|Title,Julep|Standard,SHOPIFY_PROD_ID:44286947328023,,Julep,,,,,,,,
,Green Tea Makeup Removing Cleansing Cream,,,,,julep-8693700165655,,,,"This soothing cream cleanser works to effectively melt away stubborn makeup and grime, leaving skin clean and refreshed — never tight and dry.",,,,,,FINISHED_GOOD,,,,,,,,Y,Company,,,,Brand,Julep,SHOPIFY_PROD_ID:8693700165655,,Julep,,,,,,,,
,Green Tea Makeup Removing Cleansing Cream,,,,,0250-0010008,julep-8693700165655,1,,,14.00,,,,,FINISHED_GOOD,,,,,,,,Y,Company,,,,Brand|Title,Julep|Standard,SHOPIFY_PROD_ID:44286833885207,,Julep,,,,,,,,
,When Pencil Met Gel All-Day Eyeliner Duo: Rich Brown & White Matte,,,,,julep-8693693874199,,,,Eyeliner pencils in Rich Brown and White Matte with a gel formula that glides on smoothly without tugging or skipping. Sets in 30 seconds and provides 10+ hours of wear. Ophthalmologist tested.,,,,,,FINISHED_GOOD,,,,,,,,Y,Company,,,,Brand,Julep,SHOPIFY_PROD_ID:8693693874199,,Julep,,,,,,,,
,When Pencil Met Gel All-Day Eyeliner Duo: Rich Brown & White Matte,,,,,9991-9991027,julep-8693693874199,1,,,14.00,,,,,FINISHED_GOOD,,,,,,,,Y,Company,,,,Brand|Title,Julep|Standard,SHOPIFY_PROD_ID:44286571085847,,Julep,,,,,,,,
,Bright Intentions Under Eye Color Corrector,,,,,julep-8675488628759,,,,"What it is: under eye color corrector What it does: neutralizes darkness and discoloration Why you need it: This creamy stick quickly cancels out the look of dark under eye circles and dullness for a brighter, more even look. How to use: Gently swipe over dark circles or other areas of discoloration, then blend with fingers or a brush. Layer with concealers or foundations for a seamless finish. Ingredients: Shea Butter Nourishes skin Squalane Adds lightweight hydration Vitamin E Provides antioxidant defense",,,,,,FINISHED_GOOD,,,,,,,,Y,Company,,,,Brand,Julep,SHOPIFY_PROD_ID:8675488628759,,Julep,,,,,,,,
,Bright Intentions Under Eye Color Corrector - Banana,,,,,0202-0041001,julep-8675488628759,1,,,14.00,,,,,FINISHED_GOOD,,,,,,,,Y,Company,,,,Brand|Shade,Julep|Banana,SHOPIFY_PROD_ID:44196889231383,,Julep,,,,,,,,
,Bright Intentions Under Eye Color Corrector - Papaya,,,,,0202-0041002,julep-8675488628759,2,,,14.00,,,,,FINISHED_GOOD,,,,,,,,Y,Company,,,,Brand|Shade,Julep|Papaya,SHOPIFY_PROD_ID:44196889264151,,Julep,,,,,,,,
,Eyeshadow 101 Stick Duos,,,,,julep-8673984217111,,,,"Just glide and go. With smooth application, a built-in smudger for effortless blending, and a waterproof powder finish, you don’t need a brush to get the look you love when combining Taupe Shimmer and Stone Matte eyeshadows.",,,,,,FINISHED_GOOD,,,,,,,,Y,Company,,,,Brand,Julep,SHOPIFY_PROD_ID:8673984217111,,Julep,,,,,,,,
,Eyeshadow 101 Stick Duos - Blush Pink Metallic & Mink Mauve Metallic,,,,,9991-9991021,julep-8673984217111,1,,,28.00,,,,,FINISHED_GOOD,,,,,,,,Y,Company,,,,Brand|Shade,Julep|Blush Pink Metallic & Mink Mauve Metallic,SHOPIFY_PROD_ID:44193571176471,,Julep,,,,,,,,
,Eyeshadow 101 Stick Duos - Taupe Shimmer & Stone Matte,,,,,9991-9991013,julep-8673984217111,2,,,28.00,,,,,FINISHED_GOOD,,,,,,,,Y,Company,,,,Brand|Shade,Julep|Taupe Shimmer & Stone Matte,SHOPIFY_PROD_ID:44193571078167,,Julep,,,,,,,,
,Eyeshadow 101 Stick Duos - Pearl Shimmer & Rose Shimmer,,,,,9991-9991015,julep-8673984217111,3,,,28.00,,,,,FINISHED_GOOD,,,,,,,,Y,Company,,,,Brand|Shade,Julep|Pearl Shimmer & Rose Shimmer,SHOPIFY_PROD_ID:44193571209239,,Julep,,,,,,,,
,Eyeshadow 101 Stick Duos - Silver Moonlight Metallic & Honey Gold Metallic,,,,,9991-9991022,julep-8673984217111,4,,,28.00,,,,,FINISHED_GOOD,,,,,,,,Y,Company,,,,Brand|Shade,Julep|Silver Moonlight Metallic & Honey Gold Metallic,SHOPIFY_PROD_ID:44193571242007,,Julep,,,,,,,,
,Eyeshadow 101 Stick Duos - Bronze Shimmer & Warm Gold Shimmer,,,,,9991-9991016,julep-8673984217111,5,,,28.00,,,,,FINISHED_GOOD,,,,,,,,Y,Company,,,,Brand|Shade,Julep|Bronze Shimmer & Warm Gold Shimmer,SHOPIFY_PROD_ID:44193571700759,,Julep,,,,,,,,
,Eyeshadow 101 Stick Duos - Champagne Shimmer & Desert Matte,,,,,9991-9991010,julep-8673984217111,6,,,28.00,,,,,FINISHED_GOOD,,,,,,,,Y,Company,,,,Brand|Shade,Julep|Champagne Shimmer & Desert Matte,SHOPIFY_PROD_ID:44193571143703,,Julep,,,,,,,,
,When Pencil Met Gel All-Day Eyeliner Duo: Ocean Blue & Blackest Black,,,,,julep-6971801305111,,,,Eyeliner pencils in Ocean Blue and Blackest Black with a gel formula that glides on smoothly without tugging or skipping. Sets in 30 seconds and provides 10+ hours of wear. Ophthalmologist tested.,,,,,,FINISHED_GOOD,,,,,,,,Y,Company,,,,Brand,Julep,SHOPIFY_PROD_ID:6971801305111,,Julep,,,,,,,,
,When Pencil Met Gel All-Day Eyeliner Duo: Ocean Blue & Blackest Black,,,,,9991-9991029,julep-6971801305111,1,,,20.00,,,,,FINISHED_GOOD,,,,,,,,Y,Company,,,,Brand|Title,Julep|Standard,SHOPIFY_PROD_ID:40745751773207,,Julep,,,,,,,,
,Eyeshadow 101: Eye Color Enhancing Trio,,,,,julep-8661950922775,,,,"This kit includes three beautiful Eyeshadow 101 shades with shimmer finishes, all expertly curated to enhance the look of blue eyes. Each rich, pigment-packed eyeshadow stick glides smoothly across your lid for easy color. Use the built-in smudger to blend your look to perfection.",,,,,,FINISHED_GOOD,,,,,,,,Y,Company,,,,Brand,Julep,SHOPIFY_PROD_ID:8661950922775,,Julep,,,,,,,,
,Eyeshadow 101: Eye Color Enhancing Trio - Blue Eyes: Rose/Pearl/Smoky Amethyst,,,,,BLUEEYED2-BUND,julep-8661950922775,1,,,40.00,,,,,FINISHED_GOOD,,,,,,,,Y,Company,,,,Brand|Shades,Julep|Blue Eyes: Rose/Pearl/Smoky Amethyst,SHOPIFY_PROD_ID:44168332410903,,Julep,,,,,,,,
,Eyeshadow 101: Eye Color Enhancing Trio - Green Eyes: Copper/Desert/Evergreen,,,,,Green-Bundle,julep-8661950922775,2,,,40.00,,,,,FINISHED_GOOD,,,,,,,,Y,Company,,,,Brand|Shades,Julep|Green Eyes: Copper/Desert/Evergreen,SHOPIFY_PROD_ID:44168332509207,,Julep,,,,,,,,
,Eyeshadow 101: Eye Color Enhancing Trio - Hazel Eyes: Bronze/Warm Gold/Evergreen,,,,,Hazel-Bundle,julep-8661950922775,3,,,40.00,,,,,FINISHED_GOOD,,,,,,,,Y,Company,,,,Brand|Shades,Julep|Hazel Eyes: Bronze/Warm Gold/Evergreen,SHOPIFY_PROD_ID:44168332443671,,Julep,,,,,,,,
,Eyeshadow 101: Eye Color Enhancing Trio - Brown Eyes: Champagne/Cocoa/Bronze,,,,,BROWN-Bundle,julep-8661950922775,4,,,40.00,,,,,FINISHED_GOOD,,,,,,,,Y,Company,,,,Brand|Shades,Julep|Brown Eyes: Champagne/Cocoa/Bronze,SHOPIFY_PROD_ID:44168332476439,,Julep,,,,,,,,
,45% OFF Custom Kit,,,,,julep-8648935866391,,,,"Mix. Match. Make It Yours. Build a personalized kit with 3 to 6 of your favorite products and create a look that’s uniquely you! Whether you want everyday essentials or bold pops of color , customize your kit to match your mood—and enjoy incredible savings while supplies last.",,,,,,FINISHED_GOOD,,,,,,,,Y,Company,,,,Brand,Julep,SHOPIFY_PROD_ID:8648935866391,,Julep,,,,,,,,
,45% OFF Custom Kit,,,,,44108753731607,julep-8648935866391,1,,,100.00,,,,,FINISHED_GOOD,,,,,,,,Y,Company,,,,Brand|Title,Julep|Standard,SHOPIFY_PROD_ID:44108753731607,,Julep,,,,,,,,
,Pimple Patches + Vitamin E Hydrating Cleansing Oil,,,,,julep-8633634324503,,,,"This bundle includes the Vitamin E Hydrating Cleansing Oil + Makeup Remover and the Patch Me Up Waterproof Pimple Patches. The cleansing oil melts away makeup, dirt, and impurities without stripping skin, while the waterproof patches help clear blemishes, prevent scarring, and soothe irritation.",,,,,,FINISHED_GOOD,,,,,,,,Y,Company,,,,Brand,Julep,SHOPIFY_PROD_ID:8633634324503,,Julep,,,,,,,,
,Pimple Patches + Vitamin E Hydrating Cleansing Oil,,,,,VIT-E-PIMP-DUO,julep-8633634324503,1,,,24.00,,,,,FINISHED_GOOD,,,,,,,,Y,Company,,,,Brand|Title,Julep|Standard,SHOPIFY_PROD_ID:44070056198167,,Julep,,,,,,,,
,Vitamin E Hydrating Cream Cleanser,,,,,julep-8214199336983,,,,"Pamper your skin with this rich, creamy cleanser infused with the nourishing power of Vitamin E. Designed to gently lift away impurities, makeup, and excess oil without stripping skin’s natural moisture, this cleanser leaves your complexion soft, supple, and perfectly refreshed.",,,,,,FINISHED_GOOD,,,,,,,,Y,Company,,,,Brand,Julep,SHOPIFY_PROD_ID:8214199336983,,Julep,,,,,,,,
,Vitamin E Hydrating Cream Cleanser,,,,,0203-0027002,julep-8214199336983,1,,,22.00,,,,,FINISHED_GOOD,,,,,,,,Y,Company,,,,Brand|Title,Julep|Standard,SHOPIFY_PROD_ID:43548061925399,,Julep,,,,,,,,
,Around the Clock Lip Trio,,,,,julep-7339231313943,,,,"From your basic everyday look to a vampy night out, there's a 24/7 Lip Treatment for that. This trio includes three tinted shades, each packed with the same lip-loving ingredients to treat and hydrate for the long run.",,,,,,FINISHED_GOOD,,,,,,,,Y,Company,,,,Brand,Julep,SHOPIFY_PROD_ID:7339231313943,,Julep,,,,,,,,
,Around the Clock Lip Trio,,,,,H24-247LIPTRIO,julep-7339231313943,1,,,33.00,,,,,FINISHED_GOOD,,,,,,,,Y,Company,,,,Brand|Title,Julep|Standard,SHOPIFY_PROD_ID:41668964843543,,Julep,,,,,,,,
,"Complete Lip Kit: Liner, Gloss & Balm",,,,,julep-8186941177879,,,,"*]:pointer-events-auto scroll-mt-[calc(var(--header-height)+min(200px,max(70px,20svh)))]"" dir=""auto"" data-turn-id=""request-WEB:5097efa9-b984-4c37-bbd5-8fb49d696475-1"" data-testid=""conversation-turn-4"" data-scroll-anchor=""true"" data-turn=""assistant"" tabindex=""-1"" A perfectly curated lip set designed to deliver effortless color and care in one. Featuring complementary shades inspired by timeless runway looks - from polished nude to rich cherry - this kit lets you create anything from a soft “your lips but better” finish to a bold, classic statement. Each formula glides on smoothly for intense color payoff while keeping lips comfortable and nourished.",,,,,,FINISHED_GOOD,,,,,,,,Y,Company,,,,Brand,Julep,SHOPIFY_PROD_ID:8186941177879,,Julep,,,,,,,,
,"Complete Lip Kit: Liner, Gloss & Balm - 90's Lips",,,,,90s-LIPS,julep-8186941177879,1,,,30.00,,,,,FINISHED_GOOD,,,,,,,,Y,Company,,,,Brand|Shade,Julep|90's Lips,SHOPIFY_PROD_ID:44744652914711,,Julep,,,,,,,,
,"Complete Lip Kit: Liner, Gloss & Balm - Cherry Lips",,,,,LIPS-CHRY,julep-8186941177879,2,,,30.00,,,,,FINISHED_GOOD,,,,,,,,Y,Company,,,,Brand|Shade,Julep|Cherry Lips,SHOPIFY_PROD_ID:44744652947479,,Julep,,,,,,,,
,"Think Pink Lip Kit: Liner, Gloss, and Balm",,,,,julep-7763892404247,,,,"The Pink Lip Kit includes a liner, lipstick, and gloss in a flattering pink shade. It’s hydrating, long-lasting, and perfect for soft, defined lips all day.",,,,,,FINISHED_GOOD,,,,,,,,Y,Company,,,,Brand,Julep,SHOPIFY_PROD_ID:7763892404247,,Julep,,,,,,,,
,"Think Pink Lip Kit: Liner, Gloss, and Balm",,,,,THINK-PINK,julep-7763892404247,1,,,31.00,,,,,FINISHED_GOOD,,,,,,,,Y,Company,,,,Brand|Title,Julep|Standard,SHOPIFY_PROD_ID:42649260326935,,Julep,,,,,,,,
,When Pencil Met Gel All-Day Eyeliner Duo: Rich Brown & White Matte,,,,,julep-6971807006743,,,,Eyeliner pencils in Rich Brown and White Matte with a gel formula that glides on smoothly without tugging or skipping. Sets in 30 seconds and provides 10+ hours of wear. Ophthalmologist tested.,,,,,,FINISHED_GOOD,,,,,,,,Y,Company,,,,Brand,Julep,SHOPIFY_PROD_ID:6971807006743,,Julep,,,,,,,,
,When Pencil Met Gel All-Day Eyeliner Duo: Rich Brown & White Matte,,,,,9991-9991027,julep-6971807006743,1,,,20.00,,,,,FINISHED_GOOD,,,,,,,,Y,Company,,,,Brand|Title,Julep|Standard,SHOPIFY_PROD_ID:40745797845015,,Julep,,,,,,,,
,Club Julep Rewards,,,,,julep-7245569654807,,,,ebbo LoyaltyAmped,,,,,,FINISHED_GOOD,,,,,,,,Y,Company,,,,Brand,Julep,SHOPIFY_PROD_ID:7245569654807,,Julep,,,,,,,,
,Club Julep Rewards - 16.95,,,,,43728509501463,julep-7245569654807,1,,,16.95,,,,,FINISHED_GOOD,,,,,,,,Y,Company,,,,Brand|Price,Julep|16.95,SHOPIFY_PROD_ID:43728509501463,,Julep,,,,,,,,
,Club Julep Rewards - 19.95,,,,,43728509534231,julep-7245569654807,2,,,19.95,,,,,FINISHED_GOOD,,,,,,,,Y,Company,,,,Brand|Price,Julep|19.95,SHOPIFY_PROD_ID:43728509534231,,Julep,,,,,,,,
,24/7 Lip Treatment Nourishing Mask + Exfoliating Scrub,,,,,julep-7735861575703,,,,Upsell,,,,,,FINISHED_GOOD,,,,,,,,Y,Company,,,,Brand,Julep,SHOPIFY_PROD_ID:7735861575703,,Julep,,,,,,,,
,24/7 Lip Treatment Nourishing Mask + Exfoliating Scrub,,,,,0231-0026016,julep-7735861575703,2,,,7.20,,,,,FINISHED_GOOD,,,,,,,,Y,Company,,,,Brand|Title,Julep|Standard,SHOPIFY_PROD_ID:42560253329431,,Julep,,,,,,,,
,"The All-in-One Hazel Eye Kit (Eyes, Lips, & Cheeks)",,,,,julep-7636577255447,,,,"A curated all-in-one set, expertly designed to enhance the natural warmth, depth, and radiance of hazel eyes.",,,,,,FINISHED_GOOD,,,,,,,,Y,Company,,,,Brand,Julep,SHOPIFY_PROD_ID:7636577255447,,Julep,,,,,,,,
,"The All-in-One Hazel Eye Kit (Eyes, Lips, & Cheeks)",,,,,LIP-EYE-HAZ,julep-7636577255447,1,,,56.00,,,,,FINISHED_GOOD,,,,,,,,Y,Company,,,,Brand|Title,Julep|Standard,SHOPIFY_PROD_ID:42334600265751,,Julep,,,,,,,,
,Effortless Icons Starter Kit (6PC),,,,,julep-6913792213015,,,,"Kick off your clean beauty journey with this starter kit of Julep favorites—designed for quick, effortless application and everyday gorgeous results.",,,,,,FINISHED_GOOD,,,,,,,,Y,Company,,,,Brand,Julep,SHOPIFY_PROD_ID:6913792213015,,Julep,,,,,,,,
,Effortless Icons Starter Kit (6PC),,,,,SPEEDY-KIT,julep-6913792213015,1,,,69.00,,,,,FINISHED_GOOD,,,,,,,,Y,Company,,,,Brand|Title,Julep|Standard,SHOPIFY_PROD_ID:40588959416343,,Julep,,,,,,,,
,Skip the Brush Contouring Trio,,,,,julep-6888560984087,,,,"It’s makeup made easy. Julep’s innovative Skip The Brush sticks are the convenient 2-in-1 product for monochrome color done fast. Get a radiant blush, plus a matching lip, in just a quick swipe! This trio includes three Skip the Brush 2-in-1 color sticks for cheeks and lips. Neutral Bronze is a neutral golden-bronze, Sheer Glow is a sheer soft-golden and Golden Guava is a shimmering peach-pink. Sculpt, shade and enhance! These colorful blush and bronzer sticks make it easy to get a contoured look without the complicated step-by-step. The color blends directly on your skin – no brushes needed! This curated trio of versatile color sticks includes everything you need to add a flush to your cheeks, a sculpt to your face and a soft luminous glow too! This three-piece set features the best of Julep’s Skip the Brush family, allowing you to create quick and easy looks on the go. Each is blended with rich emollients to moisturize, plus soft-focus powders to blur pores, fine lines and imperfections.",,,,,,FINISHED_GOOD,,,,,,,,Y,Company,,,,Brand,Julep,SHOPIFY_PROD_ID:6888560984087,,Julep,,,,,,,,
,Skip the Brush Contouring Trio,,,,,SKIP-BRUSH-TRI,julep-6888560984087,1,,,40.00,,,,,FINISHED_GOOD,,,,,,,,Y,Company,,,,Brand|Title,Julep|Standard,SHOPIFY_PROD_ID:40564076838935,,Julep,,,,,,,,
,Brow 101 Clear Gel,,,,,julep-7537614159895,,,,Groom and perfect unruly brows with this universal gel. This clear formula creates a natural finish to help you look instantly put-together.,,,,,,FINISHED_GOOD,,,,,,,,Y,Company,,,,Brand,Julep,SHOPIFY_PROD_ID:7537614159895,,Julep,,,,,,,,
,Brow 101 Clear Gel,,,,,0220-0002009,julep-7537614159895,1,,,18.00,,,,,FINISHED_GOOD,,,,,,,,Y,Company,,,,Brand|Title,Julep|Standard,SHOPIFY_PROD_ID:42103336730647,,Julep,,,,,,,,
,Green Tea Makeup Removing Cleansing Cream,,,,,julep-7448374247447,,,,"This soothing cream cleanser works to effectively melt away stubborn makeup and grime, leaving skin clean and refreshed — never tight and dry.",,,,,,FINISHED_GOOD,,,,,,,,Y,Company,,,,Brand,Julep,SHOPIFY_PROD_ID:7448374247447,,Julep,,,,,,,,
,Green Tea Makeup Removing Cleansing Cream,,,,,0250-0010008,julep-7448374247447,1,,,22.00,,,,,FINISHED_GOOD,,,,,,,,Y,Company,,,,Brand|Title,Julep|Standard,SHOPIFY_PROD_ID:41911382605847,,Julep,,,,,,,,
,"All Day, Any Day Eyeliner Trio",,,,,julep-7339249205271,,,,"Everyday work makeup? Party-approved event makeup? We've got it handled. Enjoy long-wearing eyeliner for any occasion with this curated trio, featuring three covetable, versatile shades.",,,,,,FINISHED_GOOD,,,,,,,,Y,Company,,,,Brand,Julep,SHOPIFY_PROD_ID:7339249205271,,Julep,,,,,,,,
,"All Day, Any Day Eyeliner Trio",,,,,H24-WPMGTRIO,julep-7339249205271,1,,,30.00,,,,,FINISHED_GOOD,,,,,,,,Y,Company,,,,Brand|Title,Julep|Standard,SHOPIFY_PROD_ID:41669061312535,,Julep,,,,,,,,
,Order Protection,,,,,julep-7325049683991,,,,"Get peace of mind by protecting your order and shipment from loss, damage, or theft.",,,,,,FINISHED_GOOD,,,,,,,,Y,Company,,,,Brand,Julep,SHOPIFY_PROD_ID:7325049683991,,Julep,,,,,,,,
,Order Protection - $0.20,,,,,Order Protection0,julep-7325049683991,1,,,0.20,,,,,FINISHED_GOOD,,,,,,,,Y,Company,,,,Brand|title,Julep|$0.20,SHOPIFY_PROD_ID:41643224793111,,Julep,,,,,,,,
,Order Protection - $0.70,,,,,Order Protection1,julep-7325049683991,2,,,0.70,,,,,FINISHED_GOOD,,,,,,,,Y,Company,,,,Brand|title,Julep|$0.70,SHOPIFY_PROD_ID:41643224825879,,Julep,,,,,,,,
,Order Protection - $1.70,,,,,Order Protection2,julep-7325049683991,3,,,1.70,,,,,FINISHED_GOOD,,,,,,,,Y,Company,,,,Brand|title,Julep|$1.70,SHOPIFY_PROD_ID:41643224858647,,Julep,,,,,,,,
,Order Protection - $2.20,,,,,Order Protection3,julep-7325049683991,4,,,2.20,,,,,FINISHED_GOOD,,,,,,,,Y,Company,,,,Brand|title,Julep|$2.20,SHOPIFY_PROD_ID:41643224891415,,Julep,,,,,,,,
,Order Protection - $2.70,,,,,Order Protection4,julep-7325049683991,5,,,2.70,,,,,FINISHED_GOOD,,,,,,,,Y,Company,,,,Brand|title,Julep|$2.70,SHOPIFY_PROD_ID:41643224924183,,Julep,,,,,,,,
,Order Protection - $3.20,,,,,Order Protection5,julep-7325049683991,6,,,3.20,,,,,FINISHED_GOOD,,,,,,,,Y,Company,,,,Brand|title,Julep|$3.20,SHOPIFY_PROD_ID:41643224956951,,Julep,,,,,,,,
,Order Protection - $3.70,,,,,Order Protection6,julep-7325049683991,7,,,3.70,,,,,FINISHED_GOOD,,,,,,,,Y,Company,,,,Brand|title,Julep|$3.70,SHOPIFY_PROD_ID:41643224989719,,Julep,,,,,,,,
,Order Protection - $4.20,,,,,Order Protection7,julep-7325049683991,8,,,4.20,,,,,FINISHED_GOOD,,,,,,,,Y,Company,,,,Brand|title,Julep|$4.20,SHOPIFY_PROD_ID:41643225022487,,Julep,,,,,,,,
,Order Protection - $4.70,,,,,Order Protection8,julep-7325049683991,9,,,4.70,,,,,FINISHED_GOOD,,,,,,,,Y,Company,,,,Brand|title,Julep|$4.70,SHOPIFY_PROD_ID:41643225055255,,Julep,,,,,,,,
,Order Protection - $5.20,,,,,Order Protection9,julep-7325049683991,10,,,5.20,,,,,FINISHED_GOOD,,,,,,,,Y,Company,,,,Brand|title,Julep|$5.20,SHOPIFY_PROD_ID:41643225088023,,Julep,,,,,,,,
,Order Protection - $5.70,,,,,Order Protection10,julep-7325049683991,11,,,5.70,,,,,FINISHED_GOOD,,,,,,,,Y,Company,,,,Brand|title,Julep|$5.70,SHOPIFY_PROD_ID:41643225120791,,Julep,,,,,,,,
,Order Protection - $6.20,,,,,Order Protection11,julep-7325049683991,12,,,6.20,,,,,FINISHED_GOOD,,,,,,,,Y,Company,,,,Brand|title,Julep|$6.20,SHOPIFY_PROD_ID:41643225153559,,Julep,,,,,,,,
,Order Protection - $6.70,,,,,Order Protection12,julep-7325049683991,13,,,6.70,,,,,FINISHED_GOOD,,,,,,,,Y,Company,,,,Brand|title,Julep|$6.70,SHOPIFY_PROD_ID:41643225186327,,Julep,,,,,,,,
,Order Protection - $7.20,,,,,Order Protection13,julep-7325049683991,14,,,7.20,,,,,FINISHED_GOOD,,,,,,,,Y,Company,,,,Brand|title,Julep|$7.20,SHOPIFY_PROD_ID:41643225219095,,Julep,,,,,,,,
,Order Protection - $7.70,,,,,Order Protection14,julep-7325049683991,15,,,7.70,,,,,FINISHED_GOOD,,,,,,,,Y,Company,,,,Brand|title,Julep|$7.70,SHOPIFY_PROD_ID:41643225251863,,Julep,,,,,,,,
,Order Protection - $8.20,,,,,Order Protection15,julep-7325049683991,16,,,8.20,,,,,FINISHED_GOOD,,,,,,,,Y,Company,,,,Brand|title,Julep|$8.20,SHOPIFY_PROD_ID:41643225284631,,Julep,,,,,,,,
,Order Protection - $8.70,,,,,Order Protection16,julep-7325049683991,17,,,8.70,,,,,FINISHED_GOOD,,,,,,,,Y,Company,,,,Brand|title,Julep|$8.70,SHOPIFY_PROD_ID:41643225317399,,Julep,,,,,,,,
,Order Protection - $9.20,,,,,Order Protection17,julep-7325049683991,18,,,9.20,,,,,FINISHED_GOOD,,,,,,,,Y,Company,,,,Brand|title,Julep|$9.20,SHOPIFY_PROD_ID:41643225350167,,Julep,,,,,,,,
,Order Protection - $9.70,,,,,Order Protection18,julep-7325049683991,19,,,9.70,,,,,FINISHED_GOOD,,,,,,,,Y,Company,,,,Brand|title,Julep|$9.70,SHOPIFY_PROD_ID:41643225382935,,Julep,,,,,,,,
,Order Protection - $10.20,,,,,Order Protection19,julep-7325049683991,20,,,10.20,,,,,FINISHED_GOOD,,,,,,,,Y,Company,,,,Brand|title,Julep|$10.20,SHOPIFY_PROD_ID:41643225415703,,Julep,,,,,,,,
,Order Protection - $10.70,,,,,Order Protection20,julep-7325049683991,21,,,10.70,,,,,FINISHED_GOOD,,,,,,,,Y,Company,,,,Brand|title,Julep|$10.70,SHOPIFY_PROD_ID:41643225448471,,Julep,,,,,,,,
,Order Protection - $11.20,,,,,Order Protection21,julep-7325049683991,22,,,11.20,,,,,FINISHED_GOOD,,,,,,,,Y,Company,,,,Brand|title,Julep|$11.20,SHOPIFY_PROD_ID:41643225481239,,Julep,,,,,,,,
,Order Protection - $11.70,,,,,Order Protection22,julep-7325049683991,23,,,11.70,,,,,FINISHED_GOOD,,,,,,,,Y,Company,,,,Brand|title,Julep|$11.70,SHOPIFY_PROD_ID:41643225514007,,Julep,,,,,,,,
,Order Protection - $12.20,,,,,Order Protection23,julep-7325049683991,24,,,12.20,,,,,FINISHED_GOOD,,,,,,,,Y,Company,,,,Brand|title,Julep|$12.20,SHOPIFY_PROD_ID:41643225546775,,Julep,,,,,,,,
,Order Protection - $12.70,,,,,Order Protection24,julep-7325049683991,25,,,12.70,,,,,FINISHED_GOOD,,,,,,,,Y,Company,,,,Brand|title,Julep|$12.70,SHOPIFY_PROD_ID:41643225579543,,Julep,,,,,,,,
,Order Protection - $13.20,,,,,Order Protection25,julep-7325049683991,26,,,13.20,,,,,FINISHED_GOOD,,,,,,,,Y,Company,,,,Brand|title,Julep|$13.20,SHOPIFY_PROD_ID:41643225612311,,Julep,,,,,,,,
,Order Protection - $13.70,,,,,Order Protection26,julep-7325049683991,27,,,13.70,,,,,FINISHED_GOOD,,,,,,,,Y,Company,,,,Brand|title,Julep|$13.70,SHOPIFY_PROD_ID:41643225645079,,Julep,,,,,,,,
,Order Protection - $14.20,,,,,Order Protection27,julep-7325049683991,28,,,14.20,,,,,FINISHED_GOOD,,,,,,,,Y,Company,,,,Brand|title,Julep|$14.20,SHOPIFY_PROD_ID:41643225677847,,Julep,,,,,,,,
,Order Protection - $14.70,,,,,Order Protection28,julep-7325049683991,29,,,14.70,,,,,FINISHED_GOOD,,,,,,,,Y,Company,,,,Brand|title,Julep|$14.70,SHOPIFY_PROD_ID:41643225710615,,Julep,,,,,,,,
,Order Protection - $15.20,,,,,Order Protection29,julep-7325049683991,30,,,15.20,,,,,FINISHED_GOOD,,,,,,,,Y,Company,,,,Brand|title,Julep|$15.20,SHOPIFY_PROD_ID:41643225743383,,Julep,,,,,,,,
,Order Protection - $15.70,,,,,Order Protection30,julep-7325049683991,31,,,15.70,,,,,FINISHED_GOOD,,,,,,,,Y,Company,,,,Brand|title,Julep|$15.70,SHOPIFY_PROD_ID:41643225776151,,Julep,,,,,,,,
,Order Protection - $16.20,,,,,Order Protection31,julep-7325049683991,32,,,16.20,,,,,FINISHED_GOOD,,,,,,,,Y,Company,,,,Brand|title,Julep|$16.20,SHOPIFY_PROD_ID:41643225808919,,Julep,,,,,,,,
,Order Protection - $16.70,,,,,Order Protection32,julep-7325049683991,33,,,16.70,,,,,FINISHED_GOOD,,,,,,,,Y,Company,,,,Brand|title,Julep|$16.70,SHOPIFY_PROD_ID:41643225841687,,Julep,,,,,,,,
,Order Protection - $17.20,,,,,Order Protection33,julep-7325049683991,34,,,17.20,,,,,FINISHED_GOOD,,,,,,,,Y,Company,,,,Brand|title,Julep|$17.20,SHOPIFY_PROD_ID:41643225874455,,Julep,,,,,,,,
,Order Protection - $17.70,,,,,Order Protection34,julep-7325049683991,35,,,17.70,,,,,FINISHED_GOOD,,,,,,,,Y,Company,,,,Brand|title,Julep|$17.70,SHOPIFY_PROD_ID:41643225907223,,Julep,,,,,,,,
,Order Protection - $18.20,,,,,Order Protection35,julep-7325049683991,36,,,18.20,,,,,FINISHED_GOOD,,,,,,,,Y,Company,,,,Brand|title,Julep|$18.20,SHOPIFY_PROD_ID:41643225939991,,Julep,,,,,,,,
,Order Protection - $18.70,,,,,Order Protection36,julep-7325049683991,37,,,18.70,,,,,FINISHED_GOOD,,,,,,,,Y,Company,,,,Brand|title,Julep|$18.70,SHOPIFY_PROD_ID:41643225972759,,Julep,,,,,,,,
,Order Protection - $19.20,,,,,Order Protection37,julep-7325049683991,38,,,19.20,,,,,FINISHED_GOOD,,,,,,,,Y,Company,,,,Brand|title,Julep|$19.20,SHOPIFY_PROD_ID:41643226005527,,Julep,,,,,,,,
,Order Protection - $19.70,,,,,Order Protection38,julep-7325049683991,39,,,19.70,,,,,FINISHED_GOOD,,,,,,,,Y,Company,,,,Brand|title,Julep|$19.70,SHOPIFY_PROD_ID:41643226038295,,Julep,,,,,,,,
,Order Protection - $20.20,,,,,Order Protection39,julep-7325049683991,40,,,20.20,,,,,FINISHED_GOOD,,,,,,,,Y,Company,,,,Brand|title,Julep|$20.20,SHOPIFY_PROD_ID:41643226071063,,Julep,,,,,,,,
,Order Protection - $20.70,,,,,Order Protection40,julep-7325049683991,41,,,20.70,,,,,FINISHED_GOOD,,,,,,,,Y,Company,,,,Brand|title,Julep|$20.70,SHOPIFY_PROD_ID:41643226103831,,Julep,,,,,,,,
,Order Protection - $21.20,,,,,Order Protection41,julep-7325049683991,42,,,21.20,,,,,FINISHED_GOOD,,,,,,,,Y,Company,,,,Brand|title,Julep|$21.20,SHOPIFY_PROD_ID:41643226136599,,Julep,,,,,,,,
,Order Protection - $21.70,,,,,Order Protection42,julep-7325049683991,43,,,21.70,,,,,FINISHED_GOOD,,,,,,,,Y,Company,,,,Brand|title,Julep|$21.70,SHOPIFY_PROD_ID:41643226169367,,Julep,,,,,,,,
,Order Protection - $22.20,,,,,Order Protection43,julep-7325049683991,44,,,22.20,,,,,FINISHED_GOOD,,,,,,,,Y,Company,,,,Brand|title,Julep|$22.20,SHOPIFY_PROD_ID:41643226202135,,Julep,,,,,,,,
,Order Protection - $22.70,,,,,Order Protection44,julep-7325049683991,45,,,22.70,,,,,FINISHED_GOOD,,,,,,,,Y,Company,,,,Brand|title,Julep|$22.70,SHOPIFY_PROD_ID:41643226234903,,Julep,,,,,,,,
,Order Protection - $23.20,,,,,Order Protection45,julep-7325049683991,46,,,23.20,,,,,FINISHED_GOOD,,,,,,,,Y,Company,,,,Brand|title,Julep|$23.20,SHOPIFY_PROD_ID:41643226267671,,Julep,,,,,,,,
,Order Protection - $23.70,,,,,Order Protection46,julep-7325049683991,47,,,23.70,,,,,FINISHED_GOOD,,,,,,,,Y,Company,,,,Brand|title,Julep|$23.70,SHOPIFY_PROD_ID:41643226300439,,Julep,,,,,,,,
,Order Protection - $24.20,,,,,Order Protection47,julep-7325049683991,48,,,24.20,,,,,FINISHED_GOOD,,,,,,,,Y,Company,,,,Brand|title,Julep|$24.20,SHOPIFY_PROD_ID:41643226333207,,Julep,,,,,,,,
,Order Protection - $24.70,,,,,Order Protection48,julep-7325049683991,49,,,24.70,,,,,FINISHED_GOOD,,,,,,,,Y,Company,,,,Brand|title,Julep|$24.70,SHOPIFY_PROD_ID:41643226365975,,Julep,,,,,,,,
,Order Protection - $25.20,,,,,Order Protection49,julep-7325049683991,50,,,25.20,,,,,FINISHED_GOOD,,,,,,,,Y,Company,,,,Brand|title,Julep|$25.20,SHOPIFY_PROD_ID:41643226398743,,Julep,,,,,,,,
,Order Protection - $25.70,,,,,Order Protection50,julep-7325049683991,51,,,25.70,,,,,FINISHED_GOOD,,,,,,,,Y,Company,,,,Brand|title,Julep|$25.70,SHOPIFY_PROD_ID:41643226431511,,Julep,,,,,,,,
,Order Protection - $26.20,,,,,Order Protection51,julep-7325049683991,52,,,26.20,,,,,FINISHED_GOOD,,,,,,,,Y,Company,,,,Brand|title,Julep|$26.20,SHOPIFY_PROD_ID:41643226464279,,Julep,,,,,,,,
,So Plush Glossy Lip Oil,,,,,julep-7301765234711,,,,"Use this sheer, nourishing formula to help revitalize dry lips while moisturizing with skin-friendly botanical oils.",,,,,,FINISHED_GOOD,,,,,,,,Y,Company,,,,Brand,Julep,SHOPIFY_PROD_ID:7301765234711,,Julep,,,,,,,,
,So Plush Glossy Lip Oil - Soft Mauve,,,,,0230-0039006,julep-7301765234711,1,,,12.00,,,,,FINISHED_GOOD,,,,,,,,Y,Company,,,,Brand|Shade,Julep|Soft Mauve,SHOPIFY_PROD_ID:42527075205143,,Julep,,,,,,,,
,So Plush Glossy Lip Oil - All Neutral,,,,,0230-0039004,julep-7301765234711,2,,,12.00,,,,,FINISHED_GOOD,,,,,,,,Y,Company,,,,Brand|Shade,Julep|All Neutral,SHOPIFY_PROD_ID:42527075139607,,Julep,,,,,,,,
,So Plush Glossy Lip Oil - Hot Pink,,,,,0230-0039001,julep-7301765234711,3,,,12.00,,,,,FINISHED_GOOD,,,,,,,,Y,Company,,,,Brand|Shade,Julep|Hot Pink,SHOPIFY_PROD_ID:41587528302615,,Julep,,,,,,,,
,So Plush Glossy Lip Oil - Clear Conscience,,,,,0230-0039003,julep-7301765234711,4,,,12.00,,,,,FINISHED_GOOD,,,,,,,,Y,Company,,,,Brand|Shade,Julep|Clear Conscience,SHOPIFY_PROD_ID:41587528368151,,Julep,,,,,,,,
,So Plush Glossy Lip Oil - Rosy Glow,,,,,0230-0039002,julep-7301765234711,5,,,12.00,,,,,FINISHED_GOOD,,,,,,,,Y,Company,,,,Brand|Shade,Julep|Rosy Glow,SHOPIFY_PROD_ID:41587528335383,,Julep,,,,,,,,
,So Plush Glossy Lip Oil - Fresh Peach,,,,,0230-0039005,julep-7301765234711,6,,,12.00,,,,,FINISHED_GOOD,,,,,,,,Y,Company,,,,Brand|Shade,Julep|Fresh Peach,SHOPIFY_PROD_ID:42527075172375,,Julep,,,,,,,,
,24/7 Lip Treatment Nourishing Mask + Exfoliating Scrub,,,,,julep-7245891862551,,,,"Smooth dry, parched lips and leave them nourished for the long-haul. This dynamic duo includes a gentle sugar scrub and quenching lip mask for your softest lips yet.",,,,,,FINISHED_GOOD,,,,,,,,Y,Company,,,,Brand,Julep,SHOPIFY_PROD_ID:7245891862551,,Julep,,,,,,,,
,24/7 Lip Treatment Nourishing Mask + Exfoliating Scrub,,,,,0231-0026016,julep-7245891862551,2,,,12.00,,,,,FINISHED_GOOD,,,,,,,,Y,Company,,,,Brand|Title,Julep|Standard,SHOPIFY_PROD_ID:41502384357399,,Julep,,,,,,,,
,Free Slowpoke Microneedling Facial Roller,,,,,julep-6970445824023,,,,Gift with purchase,,,,,,FINISHED_GOOD,,,,,,,,Y,Company,,,,Brand,Julep,SHOPIFY_PROD_ID:6970445824023,,Julep,,,,,,,,
,Free Slowpoke Microneedling Facial Roller,,,,,0206-0034003,julep-6970445824023,1,,,0.00,,,,,FINISHED_GOOD,,,,,,,,Y,Company,,,,Brand|Title,Julep|Standard,SHOPIFY_PROD_ID:40739590045719,,Julep,,,,,,,,
,Pimple Patches,,,,,julep-7075121299479,,,,"Send pimples packing with this set of 72 waterproof patches designed to clear blemishes, prevent scarring and soothe irritated skin.",,,,,,FINISHED_GOOD,,,,,,,,Y,Company,,,,Brand,Julep,SHOPIFY_PROD_ID:7075121299479,,Julep,,,,,,,,
,Pimple Patches,,,,,PIMPLPATCH-ZIP,julep-7075121299479,2,,,14.00,,,,,FINISHED_GOOD,,,,,,,,Y,Company,,,,Brand|Title,Julep|Standard,SHOPIFY_PROD_ID:41023324586007,,Julep,,,,,,,,
,Patch Me Up Waterproof Pimple Patches,,,,,julep-7058959106071,,,,"Send pimples packing with this set of 72 waterproof patches designed to clear blemishes, prevent scarring and soothe irritated skin. Use day and night to clear up your skin in an instant (no popping necessary!)",,,,,,FINISHED_GOOD,,,,,,,,Y,Company,,,,Brand,Julep,SHOPIFY_PROD_ID:7058959106071,,Julep,,,,,,,,
,Patch Me Up Waterproof Pimple Patches,,,,,0206-0016029,julep-7058959106071,1,,,14.00,,,,,FINISHED_GOOD,,,,,,,,Y,Company,,,,Brand|Title,Julep|Standard,SHOPIFY_PROD_ID:40965442764823,,Julep,,,,,,,,
,Julep E-Gift Card,,,,,julep-6963032391703,,,,,,,,,,FINISHED_GOOD,,,,,,,,Y,Company,,,,Brand,Julep,SHOPIFY_PROD_ID:6963032391703,,Julep,,,,,,,,
,Julep E-Gift Card - $25.00,,,,,40725007302679,julep-6963032391703,1,,,25.00,,,,,FINISHED_GOOD,,,,,,,,Y,Company,,,,Brand|Value,Julep|$25.00,SHOPIFY_PROD_ID:40725007302679,,Julep,,,,,,,,
,Julep E-Gift Card - $50.00,,,,,40725007335447,julep-6963032391703,2,,,50.00,,,,,FINISHED_GOOD,,,,,,,,Y,Company,,,,Brand|Value,Julep|$50.00,SHOPIFY_PROD_ID:40725007335447,,Julep,,,,,,,,
,Julep E-Gift Card - $75.00,,,,,40725007368215,julep-6963032391703,3,,,75.00,,,,,FINISHED_GOOD,,,,,,,,Y,Company,,,,Brand|Value,Julep|$75.00,SHOPIFY_PROD_ID:40725007368215,,Julep,,,,,,,,
,Julep E-Gift Card - $100.00,,,,,40725007400983,julep-6963032391703,4,,,100.00,,,,,FINISHED_GOOD,,,,,,,,Y,Company,,,,Brand|Value,Julep|$100.00,SHOPIFY_PROD_ID:40725007400983,,Julep,,,,,,,,
,Julep E-Gift Card - $150.00,,,,,40725007466519,julep-6963032391703,5,,,150.00,,,,,FINISHED_GOOD,,,,,,,,Y,Company,,,,Brand|Value,Julep|$150.00,SHOPIFY_PROD_ID:40725007466519,,Julep,,,,,,,,
,Julep E-Gift Card - $200.00,,,,,40725007532055,julep-6963032391703,6,,,200.00,,,,,FINISHED_GOOD,,,,,,,,Y,Company,,,,Brand|Value,Julep|$200.00,SHOPIFY_PROD_ID:40725007532055,,Julep,,,,,,,,
,Torpedo Eye + Lip Pencil Sharpener,,,,,julep-1684063191075,,,,"A travel-friendly tool to sharpen When Pencil Met Gel Long-Lasting Eyeliner to a pointed tip for precise application. Make it yours, make it fun. BRAVE PRETTY",,,,,,FINISHED_GOOD,,,,,,,,Y,Company,,,,Brand,Julep,SHOPIFY_PROD_ID:1684063191075,,Julep,,,,,,,,
,Torpedo Eye + Lip Pencil Sharpener,,,,,03-01-00168-N,julep-1684063191075,1,,,12.00,,,,,FINISHED_GOOD,,,,,,,,Y,Company,,,,Brand|Title,Julep|Standard,SHOPIFY_PROD_ID:14510176043043,,Julep,,,,,,,,
,Stay Sharp: When Pencil Met Gel + Torpedo Sharpener (2pc),,,,,julep-6723873898519,,,,When Pencil Met Gel (Soft Black) + Torpedo Sharpener - Soft Black,,,,,,FINISHED_GOOD,,,,,,,,Y,Company,,,,Brand,Julep,SHOPIFY_PROD_ID:6723873898519,,Julep,,,,,,,,
,Stay Sharp: When Pencil Met Gel + Torpedo Sharpener (2pc) - Blackest Black,,,,,WPMG2BB-BUNDLE,julep-6723873898519,1,,,18.00,,,,,FINISHED_GOOD,,,,,,,,Y,Company,,,,Brand|Color,Julep|Blackest Black,SHOPIFY_PROD_ID:40050619219991,,Julep,,,,,,,,
,Stay Sharp: When Pencil Met Gel + Torpedo Sharpener (2pc) - Soft Black,,,,,WPMGPC2-BUNDLE,julep-6723873898519,2,,,18.00,,,,,FINISHED_GOOD,,,,,,,,Y,Company,,,,Brand|Color,Julep|Soft Black,SHOPIFY_PROD_ID:40050619187223,,Julep,,,,,,,,
,Stay Sharp: When Pencil Met Gel + Torpedo Sharpener (2pc) - Rich Brown,,,,,WPMG2RB-BUNDLE,julep-6723873898519,3,,,18.00,,,,,FINISHED_GOOD,,,,,,,,Y,Company,,,,Brand|Color,Julep|Rich Brown,SHOPIFY_PROD_ID:40050619285527,,Julep,,,,,,,,
,Stay Sharp: When Pencil Met Gel + Torpedo Sharpener (2pc) - Smoky Plum,,,,,WPMG2SP-BUNDLE,julep-6723873898519,4,,,18.00,,,,,FINISHED_GOOD,,,,,,,,Y,Company,,,,Brand|Color,Julep|Smoky Plum,SHOPIFY_PROD_ID:40050619318295,,Julep,,,,,,,,
,Stay Sharp: When Pencil Met Gel + Torpedo Sharpener (2pc) - Clay,,,,,WPMG2CM-BUNDLE,julep-6723873898519,5,,,18.00,,,,,FINISHED_GOOD,,,,,,,,Y,Company,,,,Brand|Color,Julep|Clay,SHOPIFY_PROD_ID:40588468092951,,Julep,,,,,,,,
,Stay Sharp: When Pencil Met Gel + Torpedo Sharpener (2pc) - Sage Grey Matte,,,,,WPMG2SGM-BUNDLE,julep-6723873898519,6,,,18.00,,,,,FINISHED_GOOD,,,,,,,,Y,Company,,,,Brand|Color,Julep|Sage Grey Matte,SHOPIFY_PROD_ID:40588468060183,,Julep,,,,,,,,
,Stay Sharp: When Pencil Met Gel + Torpedo Sharpener (2pc) - Graphite Shimmer,,,,,WPMG2GS-BUNDLE,julep-6723873898519,7,,,18.00,,,,,FINISHED_GOOD,,,,,,,,Y,Company,,,,Brand|Color,Julep|Graphite Shimmer,SHOPIFY_PROD_ID:40050619252759,,Julep,,,,,,,,
,Stay Sharp: When Pencil Met Gel + Torpedo Sharpener (2pc) - Camo Green Matte,,,,,WPMG2CGM-BUNDLE,julep-6723873898519,8,,,18.00,,,,,FINISHED_GOOD,,,,,,,,Y,Company,,,,Brand|Color,Julep|Camo Green Matte,SHOPIFY_PROD_ID:40588468027415,,Julep,,,,,,,,
,Stay Sharp: When Pencil Met Gel + Torpedo Sharpener (2pc) - Navy Smoke,,,,,WPMG2NS-BUNDLE,julep-6723873898519,9,,,18.00,,,,,FINISHED_GOOD,,,,,,,,Y,Company,,,,Brand|Color,Julep|Navy Smoke,SHOPIFY_PROD_ID:40050619416599,,Julep,,,,,,,,
,Microneedling Facial Roller,,,,,julep-6839483596823,,,,A facial roller designed to gently penetrate the skin to stimulate collagen and elastin production.,,,,,,FINISHED_GOOD,,,,,,,,Y,Company,,,,Brand,Julep,SHOPIFY_PROD_ID:6839483596823,,Julep,,,,,,,,
,Microneedling Facial Roller,,,,,SLOWPOKE-ZIP,julep-6839483596823,1,,,10.00,,,,,FINISHED_GOOD,,,,,,,,Y,Company,,,,Brand|Title,Julep|Standard,SHOPIFY_PROD_ID:40420757569559,,Julep,,,,,,,,
,With a Trace Retractable Lip Liner,,,,,julep-6939872886807,,,,Lock in your color with this smooth-glide liner. Can be used to trace and define your pout or all over as its own lip color.,,,,,,FINISHED_GOOD,,,,,,,,Y,Company,,,,Brand,Julep,SHOPIFY_PROD_ID:6939872886807,,Julep,,,,,,,,
,With a Trace Retractable Lip Liner - Nostalgic Neutral,,,,,0233-0038002,julep-6939872886807,1,,,12.00,,,,,FINISHED_GOOD,,,,,,,,Y,Company,,,,Brand|Color,Julep|Nostalgic Neutral,SHOPIFY_PROD_ID:40827795472407,,Julep,,,,,,,,
,With a Trace Retractable Lip Liner - Sweet Truffle,,,,,0233-0038003,julep-6939872886807,2,,,12.00,,,,,FINISHED_GOOD,,,,,,,,Y,Company,,,,Brand|Color,Julep|Sweet Truffle,SHOPIFY_PROD_ID:40677128863767,,Julep,,,,,,,,
,With a Trace Retractable Lip Liner - Rich Cocoa,,,,,0233-0038004,julep-6939872886807,3,,,12.00,,,,,FINISHED_GOOD,,,,,,,,Y,Company,,,,Brand|Color,Julep|Rich Cocoa,SHOPIFY_PROD_ID:40677128896535,,Julep,,,,,,,,
,With a Trace Retractable Lip Liner - Spiced Clove,,,,,0233-0038005,julep-6939872886807,4,,,12.00,,,,,FINISHED_GOOD,,,,,,,,Y,Company,,,,Brand|Color,Julep|Spiced Clove,SHOPIFY_PROD_ID:40677128929303,,Julep,,,,,,,,
,With a Trace Retractable Lip Liner - Rich Black Cherry,,,,,0233-0038008,julep-6939872886807,5,,,12.00,,,,,FINISHED_GOOD,,,,,,,,Y,Company,,,,Brand|Color,Julep|Rich Black Cherry,SHOPIFY_PROD_ID:40677129027607,,Julep,,,,,,,,
,With a Trace Retractable Lip Liner - Antique Rose,,,,,0233-0038007,julep-6939872886807,6,,,12.00,,,,,FINISHED_GOOD,,,,,,,,Y,Company,,,,Brand|Color,Julep|Antique Rose,SHOPIFY_PROD_ID:40827797307415,,Julep,,,,,,,,
,With a Trace Retractable Lip Liner - Velvet Mauve,,,,,0233-0038006,julep-6939872886807,7,,,12.00,,,,,FINISHED_GOOD,,,,,,,,Y,Company,,,,Brand|Color,Julep|Velvet Mauve,SHOPIFY_PROD_ID:40827782332439,,Julep,,,,,,,,
,With a Trace Retractable Lip Liner - Clear As Day,,,,,0233-0038009,julep-6939872886807,8,,,12.00,,,,,FINISHED_GOOD,,,,,,,,Y,Company,,,,Brand|Color,Julep|Clear As Day,SHOPIFY_PROD_ID:40677129060375,,Julep,,,,,,,,
,With a Trace Retractable Lip Liner - Cashmere Cardi,,,,,0233-0038001,julep-6939872886807,9,,,12.00,,,,,FINISHED_GOOD,,,,,,,,Y,Company,,,,Brand|Color,Julep|Cashmere Cardi,SHOPIFY_PROD_ID:40827788034071,,Julep,,,,,,,,
,24/7 Shea Butter Balm Lip Treatment,,,,,julep-4397308444695,,,,"Your new lip fix. 24/7 Shea Butter Balm Lip Treatment cares for your lips from a.m. to p.m. It’s a lip treatment by day, and a lip sleeping mask by night. The reparative formula, packed with nourishing ingredients, relieves chapped lips and locks in moisture for a smoother, plumper pout. Enriched with shea butter, vitamin E, sunflower seed oil, and anti-aging Songyi mushroom extract, the reparative formula locks in moisture and leaves your lips feeling silky-smooth. With a refreshing vanilla mint scent and a glossy look and feel, you’ll want to wear it 24/7!",,,,,,FINISHED_GOOD,,,,,,,,Y,Company,,,,Brand,Julep,SHOPIFY_PROD_ID:4397308444695,,Julep,,,,,,,,
,24/7 Shea Butter Balm Lip Treatment - All Clear,,,,,0231-0026015,julep-4397308444695,1,,,15.00,,,,,FINISHED_GOOD,,,,,,,,Y,Company,,,,Brand|Color,Julep|All Clear,SHOPIFY_PROD_ID:40806499123223,,Julep,,,,,,,,
,24/7 Shea Butter Balm Lip Treatment - Barely There,,,,,0231-0026012,julep-4397308444695,2,,,15.00,,,,,FINISHED_GOOD,,,,,,,,Y,Company,,,,Brand|Color,Julep|Barely There,SHOPIFY_PROD_ID:40806498926615,,Julep,,,,,,,,
,24/7 Shea Butter Balm Lip Treatment - Sheer Joy,,,,,0231-0026013,julep-4397308444695,3,,,15.00,,,,,FINISHED_GOOD,,,,,,,,Y,Company,,,,Brand|Color,Julep|Sheer Joy,SHOPIFY_PROD_ID:40827799830551,,Julep,,,,,,,,
,24/7 Shea Butter Balm Lip Treatment - Hint of Tint,,,,,0231-0026020,julep-4397308444695,4,,,15.00,,,,,FINISHED_GOOD,,,,,,,,Y,Company,,,,Brand|Color,Julep|Hint of Tint,SHOPIFY_PROD_ID:41502412013591,,Julep,,,,,,,,
,24/7 Shea Butter Balm Lip Treatment - Gotta Glow,,,,,0231-0026022,julep-4397308444695,5,,,15.00,,,,,FINISHED_GOOD,,,,,,,,Y,Company,,,,Brand|Color,Julep|Gotta Glow,SHOPIFY_PROD_ID:41586879201303,,Julep,,,,,,,,
,24/7 Shea Butter Balm Lip Treatment - Pink n Polished,,,,,0231-0026017,julep-4397308444695,6,,,15.00,,,,,FINISHED_GOOD,,,,,,,,Y,Company,,,,Brand|Color,Julep|Pink n Polished,SHOPIFY_PROD_ID:41009472667671,,Julep,,,,,,,,
,24/7 Shea Butter Balm Lip Treatment - Candy Pop,,,,,0231-0026019,julep-4397308444695,7,,,15.00,,,,,FINISHED_GOOD,,,,,,,,Y,Company,,,,Brand|Color,Julep|Candy Pop,SHOPIFY_PROD_ID:41009477517335,,Julep,,,,,,,,
,24/7 Shea Butter Balm Lip Treatment - Act Natural,,,,,0231-0026014,julep-4397308444695,8,,,15.00,,,,,FINISHED_GOOD,,,,,,,,Y,Company,,,,Brand|Color,Julep|Act Natural,SHOPIFY_PROD_ID:40827800158231,,Julep,,,,,,,,
,So Plush Plumper Lip Gloss,,,,,julep-6779353497623,,,,"Looking to enhance the volume and fullness of your lips, naturally? Infused with hydrating oils and nourishing skincare-inspired ingredients, Julep’s smooth So Plush Plumper Lip Gloss delivers sheer, shiny color that boosts your pout. The signature Maxilip plumping complex helps to gently boost your pout for results you can see instantly.",,,,,,FINISHED_GOOD,,,,,,,,Y,Company,,,,Brand,Julep,SHOPIFY_PROD_ID:6779353497623,,Julep,,,,,,,,
,So Plush Plumper Lip Gloss - Keep It Real,,,,,0231-0007010,julep-6779353497623,1,,,16.00,,,,,FINISHED_GOOD,,,,,,,,Y,Company,,,,Brand|Color,Julep|Keep It Real,SHOPIFY_PROD_ID:40211947323415,,Julep,,,,,,,,
,So Plush Plumper Lip Gloss - Not Sorry,,,,,0231-0007015,julep-6779353497623,2,,,16.00,,,,,FINISHED_GOOD,,,,,,,,Y,Company,,,,Brand|Color,Julep|Not Sorry,SHOPIFY_PROD_ID:40211947421719,,Julep,,,,,,,,
,So Plush Plumper Lip Gloss - No Stress,,,,,0231-0007013,julep-6779353497623,3,,,16.00,,,,,FINISHED_GOOD,,,,,,,,Y,Company,,,,Brand|Color,Julep|No Stress,SHOPIFY_PROD_ID:40211947356183,,Julep,,,,,,,,
,So Plush Plumper Lip Gloss - Coffee First,,,,,0231-0007014,julep-6779353497623,4,,,16.00,,,,,FINISHED_GOOD,,,,,,,,Y,Company,,,,Brand|Color,Julep|Coffee First,SHOPIFY_PROD_ID:40211947388951,,Julep,,,,,,,,
,So Plush Plumper Lip Gloss - Easy Breezy,,,,,0231-0007024,julep-6779353497623,5,,,16.00,,,,,FINISHED_GOOD,,,,,,,,Y,Company,,,,Brand|Color,Julep|Easy Breezy,SHOPIFY_PROD_ID:41259967610903,,Julep,,,,,,,,
,So Plush Plumper Lip Gloss - Chill Mode,,,,,0231-0007023,julep-6779353497623,6,,,16.00,,,,,FINISHED_GOOD,,,,,,,,Y,Company,,,,Brand|Color,Julep|Chill Mode,SHOPIFY_PROD_ID:41259967578135,,Julep,,,,,,,,
,So Plush Ultra-Hydrating Lip Gloss,,,,,julep-6944199901207,,,,This gloss will give you all the feels sans stickiness. Every swipe is packed with natural oils for a perfectly hydrated pout.,,,,,,FINISHED_GOOD,,,,,,,,Y,Company,,,,Brand,Julep,SHOPIFY_PROD_ID:6944199901207,,Julep,,,,,,,,
,So Plush Ultra-Hydrating Lip Gloss - In the Clear,,,,,0231-0007038,julep-6944199901207,1,,,16.00,,,,,FINISHED_GOOD,,,,,,,,Y,Company,,,,Brand|Color,Julep|In the Clear,SHOPIFY_PROD_ID:41260008996887,,Julep,,,,,,,,
,So Plush Ultra-Hydrating Lip Gloss - Girl Crush,,,,,0231-0007020,julep-6944199901207,2,,,16.00,,,,,FINISHED_GOOD,,,,,,,,Y,Company,,,,Brand|Color,Julep|Girl Crush,SHOPIFY_PROD_ID:40690558205975,,Julep,,,,,,,,
,So Plush Ultra-Hydrating Lip Gloss - All The Feels,,,,,0231-0007022,julep-6944199901207,3,,,16.00,,,,,FINISHED_GOOD,,,,,,,,Y,Company,,,,Brand|Color,Julep|All The Feels,SHOPIFY_PROD_ID:40975432974359,,Julep,,,,,,,,
,Charcoal Konjac Face Sponge Exfoliating Cleansing Tool,,,,,julep-1684047331363,,,,"A super gentle exfoliator made from all-natural Konjac Root and enriched with detoxifying Bamboo Charcoal Powder. Use daily to unveil a smooth canvas for makeup and improve the efficacy of your skincare products. Comes with a suction cup hook for easy shower storage. Sponge will arrive damp. To use: Rinse under warm water before each use. Massage your face in a circular motion to exfoliate dead skin cells. Rinse thoroughly and squeeze out excess water after each use. Replace every 12 months. Make it yours, make it fun. BRAVE PRETTY",,,,,,FINISHED_GOOD,,,,,,,,Y,Company,,,,Brand,Julep,SHOPIFY_PROD_ID:1684047331363,,Julep,,,,,,,,
,Charcoal Konjac Face Sponge Exfoliating Cleansing Tool,,,,,0251-0012009,julep-1684047331363,1,,,10.00,,,,,FINISHED_GOOD,,,,,,,,Y,Company,,,,Brand|Title,Julep|Standard,SHOPIFY_PROD_ID:14510124630051,,Julep,,,,,,,,
,Free Shipping,,,,,julep-6889394372631,,,,,,,,,,FINISHED_GOOD,,,,,,,,Y,Company,,,,Brand,Julep,SHOPIFY_PROD_ID:6889394372631,,Julep,,,,,,,,
,Free Shipping,,,,,40567411965975,julep-6889394372631,1,,,0.00,,,,,FINISHED_GOOD,,,,,,,,Y,Company,,,,Brand|Title,Julep|Standard,SHOPIFY_PROD_ID:40567411965975,,Julep,,,,,,,,
,It's Whipped Matte Lip Mousse,,,,,julep-6850509078551,,,,"Add a weightless pop of comfortable matte color that stays put for up to 12 hours, with light-diffusing pigments for a smooth finish.",,,,,,FINISHED_GOOD,,,,,,,,Y,Company,,,,Brand,Julep,SHOPIFY_PROD_ID:6850509078551,,Julep,,,,,,,,
,It's Whipped Matte Lip Mousse - Almond Creme,,,,,0230-0023023,julep-6850509078551,1,,,12.00,,,,,FINISHED_GOOD,,,,,,,,Y,Company,,,,Brand|Color,Julep|Almond Creme,SHOPIFY_PROD_ID:40447573786647,,Julep,,,,,,,,
,It's Whipped Matte Lip Mousse - Raspberry Fluff,,,,,0230-0023020,julep-6850509078551,2,,,12.00,,,,,FINISHED_GOOD,,,,,,,,Y,Company,,,,Brand|Color,Julep|Raspberry Fluff,SHOPIFY_PROD_ID:40447573753879,,Julep,,,,,,,,
,It's Whipped Matte Lip Mousse - Airy Taupe,,,,,0230-0023019,julep-6850509078551,3,,,12.00,,,,,FINISHED_GOOD,,,,,,,,Y,Company,,,,Brand|Color,Julep|Airy Taupe,SHOPIFY_PROD_ID:40447573721111,,Julep,,,,,,,,
,It's Whipped Matte Lip Mousse - Cinnamon Sugar,,,,,0230-0023025,julep-6850509078551,4,,,12.00,,,,,FINISHED_GOOD,,,,,,,,Y,Company,,,,Brand|Color,Julep|Cinnamon Sugar,SHOPIFY_PROD_ID:40447573852183,,Julep,,,,,,,,
,It's Whipped Matte Lip Mousse - Whisper Mauve,,,,,0230-0023024,julep-6850509078551,5,,,12.00,,,,,FINISHED_GOOD,,,,,,,,Y,Company,,,,Brand|Color,Julep|Whisper Mauve,SHOPIFY_PROD_ID:40447573819415,,Julep,,,,,,,,
,Length Matters Mascara,,,,,julep-1683990413347,,,,"A buildable, jet black mascara with an extreme lengthening formula that coats lashes from root to tip. The unique, finely tapered micro-bristle brush defines individual lashes and layers for a softly curled, wide-eyed look that stretches the limits. To use: Start at the base of your lash line, and pull wand upward smoothly without wiggling. Repeat, applying additional coats until you achieve your desired look. 0.35 oz, 10.1 g",,,,,,FINISHED_GOOD,,,,,,,,Y,Company,,,,Brand,Julep,SHOPIFY_PROD_ID:1683990413347,,Julep,,,,,,,,
,Length Matters Mascara,,,,,0223-0009002,julep-1683990413347,1,,,24.00,,,,,FINISHED_GOOD,,,,,,,,Y,Company,,,,Brand|Title,Julep|Standard,SHOPIFY_PROD_ID:14510019969059,,Julep,,,,,,,,
,Skip the Brush  2-in-1 Color Stick for Cheeks and Lips,,,,,julep-1683937296419,,,,"A versatile one-stick wonder that adds instant luminous color to cheeks and lips. Soft-focus powders and ultrafine pearls go on smoothly then set to a long-lasting powder finish. Just swipe on and blend with fingers – no brushes required! To use: Draw three dots along your cheek bones. Blend upwards toward the hairline with your fingers. Dab on eyes and lips for an easy monochromatic look. 0.21 oz, 6 g Make it yours, make it fun. BRAVE PRETTY",,,,,,FINISHED_GOOD,,,,,,,,Y,Company,,,,Brand,Julep,SHOPIFY_PROD_ID:1683937296419,,Julep,,,,,,,,
,Skip the Brush  2-in-1 Color Stick for Cheeks and Lips - Golden Guava,,,,,0200-0004024,julep-1683937296419,1,,,20.00,,,,,FINISHED_GOOD,,,,,,,,Y,Company,,,,Brand|Shade,Julep|Golden Guava,SHOPIFY_PROD_ID:40806520815639,,Julep,,,,,,,,
,Skip the Brush  2-in-1 Color Stick for Cheeks and Lips - Rose Gold,,,,,0200-0004025,julep-1683937296419,2,,,20.00,,,,,FINISHED_GOOD,,,,,,,,Y,Company,,,,Brand|Shade,Julep|Rose Gold,SHOPIFY_PROD_ID:14509894828067,,Julep,,,,,,,,
,Skip the Brush  2-in-1 Color Stick for Cheeks and Lips - Peony Pink,,,,,0200-0004027,julep-1683937296419,3,,,20.00,,,,,FINISHED_GOOD,,,,,,,,Y,Company,,,,Brand|Shade,Julep|Peony Pink,SHOPIFY_PROD_ID:14509894729763,,Julep,,,,,,,,
,Skip the Brush  2-in-1 Color Stick for Cheeks and Lips - Desert Rose,,,,,0200-0004026,julep-1683937296419,4,,,20.00,,,,,FINISHED_GOOD,,,,,,,,Y,Company,,,,Brand|Shade,Julep|Desert Rose,SHOPIFY_PROD_ID:40827806908439,,Julep,,,,,,,,
,Skip the Brush  2-in-1 Color Stick for Cheeks and Lips - Sheer Glow,,,,,0200-0004031,julep-1683937296419,5,,,20.00,,,,,FINISHED_GOOD,,,,,,,,Y,Company,,,,Brand|Shade,Julep|Sheer Glow,SHOPIFY_PROD_ID:40308061405207,,Julep,,,,,,,,
,Skip the Brush  2-in-1 Color Stick for Cheeks and Lips - Sweet Peach,,,,,0200-0004029,julep-1683937296419,6,,,20.00,,,,,FINISHED_GOOD,,,,,,,,Y,Company,,,,Brand|Shade,Julep|Sweet Peach,SHOPIFY_PROD_ID:14509894696995,,Julep,,,,,,,,
,Skip the Brush  2-in-1 Color Stick for Cheeks and Lips - Neutral Bronze,,,,,0200-0004030,julep-1683937296419,7,,,20.00,,,,,FINISHED_GOOD,,,,,,,,Y,Company,,,,Brand|Shade,Julep|Neutral Bronze,SHOPIFY_PROD_ID:40827807629335,,Julep,,,,,,,,
,Skip the Brush  2-in-1 Color Stick for Cheeks and Lips - Cool Taupe,,,,,0200-0004032,julep-1683937296419,8,,,20.00,,,,,FINISHED_GOOD,,,,,,,,Y,Company,,,,Brand|Shade,Julep|Cool Taupe,SHOPIFY_PROD_ID:41054193811479,,Julep,,,,,,,,
,Skip the Brush  2-in-1 Color Stick for Cheeks and Lips - Melted Cocoa,,,,,0200-0004033,julep-1683937296419,9,,,20.00,,,,,FINISHED_GOOD,,,,,,,,Y,Company,,,,Brand|Shade,Julep|Melted Cocoa,SHOPIFY_PROD_ID:41054195482647,,Julep,,,,,,,,
,Skip the Brush  2-in-1 Color Stick for Cheeks and Lips - In Paradise,,,,,0200-0004034,julep-1683937296419,10,,,20.00,,,,,FINISHED_GOOD,,,,,,,,Y,Company,,,,Brand|Shade,Julep|In Paradise,SHOPIFY_PROD_ID:41054197743639,,Julep,,,,,,,,
,Skip the Brush  2-in-1 Color Stick for Cheeks and Lips - Muted Mauve,,,,,0200-0004023,julep-1683937296419,11,,,20.00,,,,,FINISHED_GOOD,,,,,,,,Y,Company,,,,Brand|Shade,Julep|Muted Mauve,SHOPIFY_PROD_ID:14509894860835,,Julep,,,,,,,,
,Brow 101 Waterproof Pencil + Tinted Gel,,,,,julep-4811591680023,,,,"A dual-ended, waterproof brow pencil and gel with a long wearing formula that shapes, fills, and grooms brows for a perfectly-defined result. The creamy fine point pencil end fills in gaps with precise definition while the transfer-proof gel delivers bold volume and holds brows in place all day. Anyone can be an expert with this easy-to-use brow product!",,,,,,FINISHED_GOOD,,,,,,,,Y,Company,,,,Brand,Julep,SHOPIFY_PROD_ID:4811591680023,,Julep,,,,,,,,
,Brow 101 Waterproof Pencil + Tinted Gel - Blonde,,,,,0220-0002005,julep-4811591680023,1,,,25.00,,,,,FINISHED_GOOD,,,,,,,,Y,Company,,,,Brand|Shade,Julep|Blonde,SHOPIFY_PROD_ID:40828224929815,,Julep,,,,,,,,
,Brow 101 Waterproof Pencil + Tinted Gel - Taupe Brown,,,,,0220-0002006,julep-4811591680023,2,,,25.00,,,,,FINISHED_GOOD,,,,,,,,Y,Company,,,,Brand|Shade,Julep|Taupe Brown,SHOPIFY_PROD_ID:32905724395543,,Julep,,,,,,,,
,Brow 101 Waterproof Pencil + Tinted Gel - Medium Brown,,,,,0220-0002007,julep-4811591680023,3,,,25.00,,,,,FINISHED_GOOD,,,,,,,,Y,Company,,,,Brand|Shade,Julep|Medium Brown,SHOPIFY_PROD_ID:32905724428311,,Julep,,,,,,,,
,Brow 101 Waterproof Pencil + Tinted Gel - Dark Brown,,,,,0220-0002008,julep-4811591680023,4,,,25.00,,,,,FINISHED_GOOD,,,,,,,,Y,Company,,,,Brand|Shade,Julep|Dark Brown,SHOPIFY_PROD_ID:41162083794967,,Julep,,,,,,,,
,Vitamin E Hydrating Cleansing Oil + Makeup Remover,,,,,julep-1684097138723,,,,"A lightweight, antioxidant-rich oil blend that melts away makeup and impurities without stripping your skin. This Korean skincare secret is formulated for all skin types. To use: Pump into dry hands and massage over dry face to dissolve makeup, dirt, and impurities. Rinse thoroughly with warm water. For best results, use with a Konjac Sponge . 3.5 fl oz, 104 mL Make it yours, make it fun. BRAVE PRETTY",,,,,,FINISHED_GOOD,,,,,,,,Y,Company,,,,Brand,Julep,SHOPIFY_PROD_ID:1684097138723,,Julep,,,,,,,,
,Vitamin E Hydrating Cleansing Oil + Makeup Remover,,,,,0250-0010005,julep-1684097138723,1,,,22.00,,,,,FINISHED_GOOD,,,,,,,,Y,Company,,,,Brand|Title,Julep|Standard,SHOPIFY_PROD_ID:14510360526883,,Julep,,,,,,,,
,Cushion Complexion Concealer+Corrector+Foundation with Turmeric,,,,,julep-1684052377635,,,,"A multitasking skin perfector that conceals, corrects, illuminates, blurs & brightens . The buildable medium-to-full coverage formula has a natural, demi-matte finish, and the convenient cushion tip applicator allows for easy and precise application. Use it to spot correct and conceal, or all over as a foundation. 100% said the product was buildable and long-lasting 100% said the product provided a natural finish 97% said the product was quick to apply & blended seamlessly into their skin 96% said the product did not emphasize their pores 93% said the product effectively covered redness In a consumer study of 29 women who used Cushion Complexion Choose from: 100 Alabaster Light Alabaster with Cool Undertone 110 Porcelain Light Porcelain with Cool Undertone 130 Ivory Light Ivory with Warm-Neutral Undertone 200 Nude Medium Nude with Cool Undertone 220 Sand Medium Sand with Neutral Undertone 300 Honey Tan Honey with Warm Undertone 400 Amber Deep Amber with Warm Undertone 410 Nutmeg Deep Nutmeg with Warm Undertone Net wt: 0.16 oz, 4.6 g",,,,,,FINISHED_GOOD,,,,,,,,Y,Company,,,,Brand,Julep,SHOPIFY_PROD_ID:1684052377635,,Julep,,,,,,,,
,Cushion Complexion Concealer+Corrector+Foundation with Turmeric - Alabaster 100,,,,,0208-0005019,julep-1684052377635,1,,,16.00,,,,,FINISHED_GOOD,,,,,,,,Y,Company,,,,Brand|Cushion Complexion Shade,Julep|Alabaster 100,SHOPIFY_PROD_ID:14510132068387,,Julep,,,,,,,,
,Cushion Complexion Concealer+Corrector+Foundation with Turmeric - Porcelain 110,,,,,0208-0005020,julep-1684052377635,2,,,16.00,,,,,FINISHED_GOOD,,,,,,,,Y,Company,,,,Brand|Cushion Complexion Shade,Julep|Porcelain 110,SHOPIFY_PROD_ID:31180580978711,,Julep,,,,,,,,
,Cushion Complexion Concealer+Corrector+Foundation with Turmeric - Ivory 130,,,,,0208-0005021,julep-1684052377635,3,,,16.00,,,,,FINISHED_GOOD,,,,,,,,Y,Company,,,,Brand|Cushion Complexion Shade,Julep|Ivory 130,SHOPIFY_PROD_ID:39878321930263,,Julep,,,,,,,,
,Cushion Complexion Concealer+Corrector+Foundation with Turmeric - Nude 200,,,,,0208-0005022,julep-1684052377635,4,,,16.00,,,,,FINISHED_GOOD,,,,,,,,Y,Company,,,,Brand|Cushion Complexion Shade,Julep|Nude 200,SHOPIFY_PROD_ID:31180581109783,,Julep,,,,,,,,
,Cushion Complexion Concealer+Corrector+Foundation with Turmeric - Medium 210,,,,,0208-0005034,julep-1684052377635,5,,,16.00,,,,,FINISHED_GOOD,,,,,,,,Y,Company,,,,Brand|Cushion Complexion Shade,Julep|Medium 210,SHOPIFY_PROD_ID:39871705579543,,Julep,,,,,,,,
,Cushion Complexion Concealer+Corrector+Foundation with Turmeric - Sand 220,,,,,0208-0005035,julep-1684052377635,6,,,16.00,,,,,FINISHED_GOOD,,,,,,,,Y,Company,,,,Brand|Cushion Complexion Shade,Julep|Sand 220,SHOPIFY_PROD_ID:31180581175319,,Julep,,,,,,,,
,Cushion Complexion Concealer+Corrector+Foundation with Turmeric - Honey 300,,,,,0208-0005025,julep-1684052377635,7,,,16.00,,,,,FINISHED_GOOD,,,,,,,,Y,Company,,,,Brand|Cushion Complexion Shade,Julep|Honey 300,SHOPIFY_PROD_ID:31180581273623,,Julep,,,,,,,,
,Cushion Complexion Concealer+Corrector+Foundation with Turmeric - Amber 400,,,,,0208-0005027,julep-1684052377635,8,,,16.00,,,,,FINISHED_GOOD,,,,,,,,Y,Company,,,,Brand|Cushion Complexion Shade,Julep|Amber 400,SHOPIFY_PROD_ID:31180581371927,,Julep,,,,,,,,
,Cushion Complexion Concealer+Corrector+Foundation with Turmeric - Nutmeg 410,,,,,0208-0005036,julep-1684052377635,9,,,16.00,,,,,FINISHED_GOOD,,,,,,,,Y,Company,,,,Brand|Cushion Complexion Shade,Julep|Nutmeg 410,SHOPIFY_PROD_ID:31180581404695,,Julep,,,,,,,,
,Cushion Complexion Concealer+Corrector+Foundation with Turmeric - Fawn 435,,,,,0208-0005031,julep-1684052377635,10,,,16.00,,,,,FINISHED_GOOD,,,,,,,,Y,Company,,,,Brand|Cushion Complexion Shade,Julep|Fawn 435,SHOPIFY_PROD_ID:39409105567767,,Julep,,,,,,,,
,Slowpoke Microneedling Facial Roller,,,,,julep-4830231396375,,,,"A facial roller comprised of 540 titanium microneedles designed to gently penetrate the skin to stimulate collagen and elastin production naturally for healthier, younger-looking skin. These extremely fine microneedles increase your skin’s ability to absorb skincare products, and will have your complexion looking sharp in no time.",,,,,,FINISHED_GOOD,,,,,,,,Y,Company,,,,Brand,Julep,SHOPIFY_PROD_ID:4830231396375,,Julep,,,,,,,,
,Slowpoke Microneedling Facial Roller,,,,,0206-0034003,julep-4830231396375,1,,,25.00,,,,,FINISHED_GOOD,,,,,,,,Y,Company,,,,Brand|Title,Julep|Standard,SHOPIFY_PROD_ID:32954113949719,,Julep,,,,,,,,
,When Pencil Met Gel All-Day Eyeliner,,,,,julep-4394859200535,,,,An eyeliner pencil with a gel formula that glides on smoothly without tugging or skipping. Sets in 30 seconds and provides 10+ hours of wear. Ophthalmologist tested. Available in a variety of matte and shimmer shades.,,,,,,FINISHED_GOOD,,,,,,,,Y,Company,,,,Brand,Julep,SHOPIFY_PROD_ID:4394859200535,,Julep,,,,,,,,
,When Pencil Met Gel All-Day Eyeliner - Rich Brown Matte,,,,,0222-0001056,julep-4394859200535,1,,,14.00,,,,,FINISHED_GOOD,,,,,,,,Y,Company,,,,Brand|Shade,Julep|Rich Brown Matte,SHOPIFY_PROD_ID:31291790360599,,Julep,,,,,,,,
,When Pencil Met Gel All-Day Eyeliner - Smoky Plum Matte,,,,,0222-0001064,julep-4394859200535,2,,,14.00,,,,,FINISHED_GOOD,,,,,,,,Y,Company,,,,Brand|Shade,Julep|Smoky Plum Matte,SHOPIFY_PROD_ID:31291790753815,,Julep,,,,,,,,
,When Pencil Met Gel All-Day Eyeliner - Soft Black Matte,,,,,0222-0001058,julep-4394859200535,3,,,14.00,,,,,FINISHED_GOOD,,,,,,,,Y,Company,,,,Brand|Shade,Julep|Soft Black Matte,SHOPIFY_PROD_ID:40829344153623,,Julep,,,,,,,,
,When Pencil Met Gel All-Day Eyeliner - Sage Grey Matte,,,,,0222-0001080,julep-4394859200535,4,,,14.00,,,,,FINISHED_GOOD,,,,,,,,Y,Company,,,,Brand|Shade,Julep|Sage Grey Matte,SHOPIFY_PROD_ID:40827818246167,,Julep,,,,,,,,
,When Pencil Met Gel All-Day Eyeliner - Camo Green Matte,,,,,0222-0001062,julep-4394859200535,5,,,14.00,,,,,FINISHED_GOOD,,,,,,,,Y,Company,,,,Brand|Shade,Julep|Camo Green Matte,SHOPIFY_PROD_ID:40480130433047,,Julep,,,,,,,,
,When Pencil Met Gel All-Day Eyeliner - Navy Smoke Matte,,,,,0222-0001059,julep-4394859200535,6,,,14.00,,,,,FINISHED_GOOD,,,,,,,,Y,Company,,,,Brand|Shade,Julep|Navy Smoke Matte,SHOPIFY_PROD_ID:40827815165975,,Julep,,,,,,,,
,When Pencil Met Gel All-Day Eyeliner - Chocolate Brown Shimmer,,,,,0222-0001060,julep-4394859200535,7,,,14.00,,,,,FINISHED_GOOD,,,,,,,,Y,Company,,,,Brand|Shade,Julep|Chocolate Brown Shimmer,SHOPIFY_PROD_ID:39757856079895,,Julep,,,,,,,,
,When Pencil Met Gel All-Day Eyeliner - Graphite Shimmer,,,,,0222-0001061,julep-4394859200535,8,,,14.00,,,,,FINISHED_GOOD,,,,,,,,Y,Company,,,,Brand|Shade,Julep|Graphite Shimmer,SHOPIFY_PROD_ID:40827817230359,,Julep,,,,,,,,
,When Pencil Met Gel All-Day Eyeliner - Clay,,,,,0222-0001066,julep-4394859200535,9,,,14.00,,,,,FINISHED_GOOD,,,,,,,,Y,Company,,,,Brand|Shade,Julep|Clay,SHOPIFY_PROD_ID:31291790622743,,Julep,,,,,,,,
,When Pencil Met Gel All-Day Eyeliner - Bronze Shimmer,,,,,0222-0001065,julep-4394859200535,10,,,14.00,,,,,FINISHED_GOOD,,,,,,,,Y,Company,,,,Brand|Shade,Julep|Bronze Shimmer,SHOPIFY_PROD_ID:31291790426135,,Julep,,,,,,,,
,When Pencil Met Gel All-Day Eyeliner - Fig Shimmer,,,,,0222-0001063,julep-4394859200535,11,,,14.00,,,,,FINISHED_GOOD,,,,,,,,Y,Company,,,,Brand|Shade,Julep|Fig Shimmer,SHOPIFY_PROD_ID:31291790655511,,Julep,,,,,,,,
,When Pencil Met Gel All-Day Eyeliner - Regal Teal Shimmer,,,,,0222-0001077,julep-4394859200535,12,,,14.00,,,,,FINISHED_GOOD,,,,,,,,Y,Company,,,,Brand|Shade,Julep|Regal Teal Shimmer,SHOPIFY_PROD_ID:40447005818903,,Julep,,,,,,,,
,When Pencil Met Gel All-Day Eyeliner - Golden Olive Shimmer,,,,,0222-0001092,julep-4394859200535,13,,,14.00,,,,,FINISHED_GOOD,,,,,,,,Y,Company,,,,Brand|Shade,Julep|Golden Olive Shimmer,SHOPIFY_PROD_ID:40713266003991,,Julep,,,,,,,,
,When Pencil Met Gel All-Day Eyeliner - Ocean Blue Matte,,,,,0222-0001071,julep-4394859200535,14,,,14.00,,,,,FINISHED_GOOD,,,,,,,,Y,Company,,,,Brand|Shade,Julep|Ocean Blue Matte,SHOPIFY_PROD_ID:40773173215255,,Julep,,,,,,,,
,When Pencil Met Gel All-Day Eyeliner - Toasted Brown Shimmer,,,,,0222-0001069,julep-4394859200535,15,,,14.00,,,,,FINISHED_GOOD,,,,,,,,Y,Company,,,,Brand|Shade,Julep|Toasted Brown Shimmer,SHOPIFY_PROD_ID:41260024201239,,Julep,,,,,,,,
,When Pencil Met Gel All-Day Eyeliner - Pastel Violet,,,,,0222-0001091,julep-4394859200535,16,,,14.00,,,,,FINISHED_GOOD,,,,,,,,Y,Company,,,,Brand|Shade,Julep|Pastel Violet,SHOPIFY_PROD_ID:40480129417239,,Julep,,,,,,,,
,When Pencil Met Gel All-Day Eyeliner - Amethyst Matte,,,,,0222-0001054,julep-4394859200535,17,,,14.00,,,,,FINISHED_GOOD,,,,,,,,Y,Company,,,,Brand|Shade,Julep|Amethyst Matte,SHOPIFY_PROD_ID:40480129384471,,Julep,,,,,,,,
,When Pencil Met Gel All-Day Eyeliner - Neon Blue Shimmer,,,,,0222-0001041,julep-4394859200535,18,,,14.00,,,,,FINISHED_GOOD,,,,,,,,Y,Company,,,,Brand|Shade,Julep|Neon Blue Shimmer,SHOPIFY_PROD_ID:40480130498583,,Julep,,,,,,,,
,When Pencil Met Gel All-Day Eyeliner - White Matte,,,,,0222-0001079,julep-4394859200535,19,,,14.00,,,,,FINISHED_GOOD,,,,,,,,Y,Company,,,,Brand|Shade,Julep|White Matte,SHOPIFY_PROD_ID:39757856047127,,Julep,,,,,,,,
,When Pencil Met Gel All-Day Eyeliner - Nude Matte,,,,,0222-0001093,julep-4394859200535,20,,,14.00,,,,,FINISHED_GOOD,,,,,,,,Y,Company,,,,Brand|Shade,Julep|Nude Matte,SHOPIFY_PROD_ID:42017115176983,,Julep,,,,,,,,
,When Pencil Met Gel All-Day Eyeliner - Frost Shimmer,,,,,0222-0001068,julep-4394859200535,21,,,14.00,,,,,FINISHED_GOOD,,,,,,,,Y,Company,,,,Brand|Shade,Julep|Frost Shimmer,SHOPIFY_PROD_ID:41260024168471,,Julep,,,,,,,,
,When Pencil Met Gel All-Day Eyeliner - Sunset Gold Shimmer,,,,,0222-0001055,julep-4394859200535,22,,,14.00,,,,,FINISHED_GOOD,,,,,,,,Y,Company,,,,Brand|Shade,Julep|Sunset Gold Shimmer,SHOPIFY_PROD_ID:31291790491671,,Julep,,,,,,,,
,When Pencil Met Gel All-Day Eyeliner - Smoky Taupe Shimmer,,,,,0222-0001057,julep-4394859200535,23,,,14.00,,,,,FINISHED_GOOD,,,,,,,,Y,Company,,,,Brand|Shade,Julep|Smoky Taupe Shimmer,SHOPIFY_PROD_ID:31291790458903,,Julep,,,,,,,,
,When Pencil Met Gel All-Day Eyeliner - Blackest Black Matte,,,,,0222-0001072,julep-4394859200535,24,,,14.00,,,,,FINISHED_GOOD,,,,,,,,Y,Company,,,,Brand|Shade,Julep|Blackest Black Matte,SHOPIFY_PROD_ID:31291790327831,,Julep,,,,,,,,
,Eyeshadow 101 Crème-to-Powder Eyeshadow Stick,,,,,julep-1683944865827,,,,"To use: Apply eyeshadow to lids and blend with fingers or the smudger before the color dries and sets. For best results, prime the smudger by applying the eyeshadow to the back of your hand and loading it onto the smudger prior to use.A waterproof, crème-to-powder eyeshadow stick with huge color payoff and crease-proof, stay-all-day power. With a built-in smudger. Available in a variety of matte and shimmer shades. 0.04 oz, 1.4 g Make it yours, make it fun. BRAVE PRETTY",,,,,,FINISHED_GOOD,,,,,,,,Y,Company,,,,Brand,Julep,SHOPIFY_PROD_ID:1683944865827,,Julep,,,,,,,,
,Eyeshadow 101 Crème-to-Powder Eyeshadow Stick - Pearl Shimmer,,,,,0221-0003031,julep-1683944865827,1,,,20.00,,,,,FINISHED_GOOD,,,,,,,,Y,Company,,,,Brand|Shade,Julep|Pearl Shimmer,SHOPIFY_PROD_ID:31180582617111,,Julep,,,,,,,,
,Eyeshadow 101 Crème-to-Powder Eyeshadow Stick - Champagne Shimmer,,,,,0221-0003033,julep-1683944865827,2,,,20.00,,,,,FINISHED_GOOD,,,,,,,,Y,Company,,,,Brand|Shade,Julep|Champagne Shimmer,SHOPIFY_PROD_ID:31291233763351,,Julep,,,,,,,,
,Eyeshadow 101 Crème-to-Powder Eyeshadow Stick - Putty Matte,,,,,0221-0003032,julep-1683944865827,3,,,20.00,,,,,FINISHED_GOOD,,,,,,,,Y,Company,,,,Brand|Shade,Julep|Putty Matte,SHOPIFY_PROD_ID:39407732490263,,Julep,,,,,,,,
,Eyeshadow 101 Crème-to-Powder Eyeshadow Stick - Smoky Amethyst Shimmer,,,,,0221-0003022,julep-1683944865827,4,,,20.00,,,,,FINISHED_GOOD,,,,,,,,Y,Company,,,,Brand|Shade,Julep|Smoky Amethyst Shimmer,SHOPIFY_PROD_ID:31217030266903,,Julep,,,,,,,,
,Eyeshadow 101 Crème-to-Powder Eyeshadow Stick - Stone Matte,,,,,0221-0003034,julep-1683944865827,5,,,20.00,,,,,FINISHED_GOOD,,,,,,,,Y,Company,,,,Brand|Shade,Julep|Stone Matte,SHOPIFY_PROD_ID:39407730917399,,Julep,,,,,,,,
,Eyeshadow 101 Crème-to-Powder Eyeshadow Stick - Mink Mauve Metallic,,,,,0221-0003055,julep-1683944865827,6,,,20.00,,,,,FINISHED_GOOD,,,,,,,,Y,Company,,,,Brand|Shade,Julep|Mink Mauve Metallic,SHOPIFY_PROD_ID:39855735930903,,Julep,,,,,,,,
,Eyeshadow 101 Crème-to-Powder Eyeshadow Stick - Taupe Shimmer,,,,,0221-0003044,julep-1683944865827,7,,,20.00,,,,,FINISHED_GOOD,,,,,,,,Y,Company,,,,Brand|Shade,Julep|Taupe Shimmer,SHOPIFY_PROD_ID:31180582387735,,Julep,,,,,,,,
,Eyeshadow 101 Crème-to-Powder Eyeshadow Stick - Rose Shimmer,,,,,0221-0003025,julep-1683944865827,8,,,20.00,,,,,FINISHED_GOOD,,,,,,,,Y,Company,,,,Brand|Shade,Julep|Rose Shimmer,SHOPIFY_PROD_ID:39407716368407,,Julep,,,,,,,,
,Eyeshadow 101 Crème-to-Powder Eyeshadow Stick - Smoky Tawny Matte,,,,,0221-0003076,julep-1683944865827,9,,,20.00,,,,,FINISHED_GOOD,,,,,,,,Y,Company,,,,Brand|Shade,Julep|Smoky Tawny Matte,SHOPIFY_PROD_ID:33030869123095,,Julep,,,,,,,,
,Eyeshadow 101 Crème-to-Powder Eyeshadow Stick - Bronze Shimmer,,,,,0221-0003035,julep-1683944865827,10,,,20.00,,,,,FINISHED_GOOD,,,,,,,,Y,Company,,,,Brand|Shade,Julep|Bronze Shimmer,SHOPIFY_PROD_ID:31180582453271,,Julep,,,,,,,,
,Eyeshadow 101 Crème-to-Powder Eyeshadow Stick - Desert Matte,,,,,0221-0003028,julep-1683944865827,11,,,20.00,,,,,FINISHED_GOOD,,,,,,,,Y,Company,,,,Brand|Shade,Julep|Desert Matte,SHOPIFY_PROD_ID:32898334031895,,Julep,,,,,,,,
,Eyeshadow 101 Crème-to-Powder Eyeshadow Stick - Sand Shimmer,,,,,0221-0003027,julep-1683944865827,12,,,20.00,,,,,FINISHED_GOOD,,,,,,,,Y,Company,,,,Brand|Shade,Julep|Sand Shimmer,SHOPIFY_PROD_ID:39407715516439,,Julep,,,,,,,,
,Eyeshadow 101 Crème-to-Powder Eyeshadow Stick - Smoky Grey Shimmer,,,,,0221-0003049,julep-1683944865827,13,,,20.00,,,,,FINISHED_GOOD,,,,,,,,Y,Company,,,,Brand|Shade,Julep|Smoky Grey Shimmer,SHOPIFY_PROD_ID:39832913543191,,Julep,,,,,,,,
,Eyeshadow 101 Crème-to-Powder Eyeshadow Stick - Cocoa Shimmer,,,,,0221-0003037,julep-1683944865827,14,,,20.00,,,,,FINISHED_GOOD,,,,,,,,Y,Company,,,,Brand|Shade,Julep|Cocoa Shimmer,SHOPIFY_PROD_ID:39407735832599,,Julep,,,,,,,,
,Eyeshadow 101 Crème-to-Powder Eyeshadow Stick - Orchid Shimmer,,,,,0221-0003046,julep-1683944865827,15,,,20.00,,,,,FINISHED_GOOD,,,,,,,,Y,Company,,,,Brand|Shade,Julep|Orchid Shimmer,SHOPIFY_PROD_ID:39407735242775,,Julep,,,,,,,,
,Eyeshadow 101 Crème-to-Powder Eyeshadow Stick - Copper Shimmer,,,,,0221-0003036,julep-1683944865827,16,,,20.00,,,,,FINISHED_GOOD,,,,,,,,Y,Company,,,,Brand|Shade,Julep|Copper Shimmer,SHOPIFY_PROD_ID:40907474960407,,Julep,,,,,,,,
,Eyeshadow 101 Crème-to-Powder Eyeshadow Stick - Hazelnut Matte,,,,,0221-0003061,julep-1683944865827,17,,,20.00,,,,,FINISHED_GOOD,,,,,,,,Y,Company,,,,Brand|Shade,Julep|Hazelnut Matte,SHOPIFY_PROD_ID:40907475353623,,Julep,,,,,,,,
,Eyeshadow 101 Crème-to-Powder Eyeshadow Stick - Evergreen Shimmer,,,,,0221-0003052,julep-1683944865827,18,,,20.00,,,,,FINISHED_GOOD,,,,,,,,Y,Company,,,,Brand|Shade,Julep|Evergreen Shimmer,SHOPIFY_PROD_ID:31180582649879,,Julep,,,,,,,,
,Eyeshadow 101 Crème-to-Powder Eyeshadow Stick - Vanilla Matte,,,,,0221-0003050,julep-1683944865827,19,,,20.00,,,,,FINISHED_GOOD,,,,,,,,Y,Company,,,,Brand|Shade,Julep|Vanilla Matte,SHOPIFY_PROD_ID:40839145291799,,Julep,,,,,,,,
,Eyeshadow 101 Crème-to-Powder Eyeshadow Stick - Khaki Green Shimmer,,,,,0221-0003051,julep-1683944865827,20,,,20.00,,,,,FINISHED_GOOD,,,,,,,,Y,Company,,,,Brand|Shade,Julep|Khaki Green Shimmer,SHOPIFY_PROD_ID:39832927109143,,Julep,,,,,,,,
,Eyeshadow 101 Crème-to-Powder Eyeshadow Stick - Rainstorm Shimmer,,,,,0221-0003063,julep-1683944865827,21,,,20.00,,,,,FINISHED_GOOD,,,,,,,,Y,Company,,,,Brand|Shade,Julep|Rainstorm Shimmer,SHOPIFY_PROD_ID:40907474829335,,Julep,,,,,,,,
,Eyeshadow 101 Crème-to-Powder Eyeshadow Stick - Black Cherry Matte,,,,,0221-0003079,julep-1683944865827,22,,,20.00,,,,,FINISHED_GOOD,,,,,,,,Y,Company,,,,Brand|Shade,Julep|Black Cherry Matte,SHOPIFY_PROD_ID:40975451881495,,Julep,,,,,,,,
,Eyeshadow 101 Crème-to-Powder Eyeshadow Stick - Snowfall Matte,,,,,0221-0003071,julep-1683944865827,23,,,20.00,,,,,FINISHED_GOOD,,,,,,,,Y,Company,,,,Brand|Shade,Julep|Snowfall Matte,SHOPIFY_PROD_ID:40629088321559,,Julep,,,,,,,,
,Eyeshadow 101 Crème-to-Powder Eyeshadow Stick - Red Wine Shimmer,,,,,0221-0003083,julep-1683944865827,24,,,20.00,,,,,FINISHED_GOOD,,,,,,,,Y,Company,,,,Brand|Shade,Julep|Red Wine Shimmer,SHOPIFY_PROD_ID:40975460007959,,Julep,,,,,,,,
,Eyeshadow 101 Crème-to-Powder Eyeshadow Stick - Charcoal Matte,,,,,0221-0003048,julep-1683944865827,25,,,20.00,,,,,FINISHED_GOOD,,,,,,,,Y,Company,,,,Brand|Shade,Julep|Charcoal Matte,SHOPIFY_PROD_ID:31180582322199,,Julep,,,,,,,,
,Eyeshadow 101 Crème-to-Powder Eyeshadow Stick - Warm Gold Shimmer,,,,,0221-0003038,julep-1683944865827,26,,,20.00,,,,,FINISHED_GOOD,,,,,,,,Y,Company,,,,Brand|Shade,Julep|Warm Gold Shimmer,SHOPIFY_PROD_ID:40907475451927,,Julep,,,,,,,,
,Eyeshadow 101 Crème-to-Powder Eyeshadow Stick - Midnight Blue Shimmer,,,,,0221-0003053,julep-1683944865827,27,,,20.00,,,,,FINISHED_GOOD,,,,,,,,Y,Company,,,,Brand|Shade,Julep|Midnight Blue Shimmer,SHOPIFY_PROD_ID:31180582551575,,Julep,,,,,,,,
,Eyeshadow 101 Crème-to-Powder Eyeshadow Stick - Onyx Matte,,,,,0221-0003047,julep-1683944865827,28,,,20.00,,,,,FINISHED_GOOD,,,,,,,,Y,Company,,,,Brand|Shade,Julep|Onyx Matte,SHOPIFY_PROD_ID:40907474894871,,Julep,,,,,,,,
,Eyeshadow 101 Crème-to-Powder Eyeshadow Stick - Silver Moonlight Metallic,,,,,0221-0003056,julep-1683944865827,29,,,20.00,,,,,FINISHED_GOOD,,,,,,,,Y,Company,,,,Brand|Shade,Julep|Silver Moonlight Metallic,SHOPIFY_PROD_ID:39855732621335,,Julep,,,,,,,,
,Eyeshadow 101 Crème-to-Powder Eyeshadow Stick - Sapphire Shimmer,,,,,0221-0003066,julep-1683944865827,30,,,20.00,,,,,FINISHED_GOOD,,,,,,,,Y,Company,,,,Brand|Shade,Julep|Sapphire Shimmer,SHOPIFY_PROD_ID:40629043920919,,Julep,,,,,,,,
,Eyeshadow 101 Crème-to-Powder Eyeshadow Stick - Periwinkle Matte,,,,,0221-0003060,julep-1683944865827,31,,,20.00,,,,,FINISHED_GOOD,,,,,,,,Y,Company,,,,Brand|Shade,Julep|Periwinkle Matte,SHOPIFY_PROD_ID:40355450519575,,Julep,,,,,,,,
,Eyeshadow 101 Crème-to-Powder Eyeshadow Stick - Beachy Matte,,,,,0221-0003081,julep-1683944865827,32,,,20.00,,,,,FINISHED_GOOD,,,,,,,,Y,Company,,,,Brand|Shade,Julep|Beachy Matte,SHOPIFY_PROD_ID:44197318066199,,Julep,,,,,,,,
,Eyeshadow 101 Crème-to-Powder Eyeshadow Stick - Marmalade Shimmer,,,,,0221-0003085,julep-1683944865827,33,,,20.00,,,,,FINISHED_GOOD,,,,,,,,Y,Company,,,,Brand|Shade,Julep|Marmalade Shimmer,SHOPIFY_PROD_ID:44197318098967,,Julep,,,,,,,,
,It’s Balm Full Coverage Lip Crayon,,,,,julep-1683863961635,,,,"Creamy, full-coverage lip crayon with a hydrating core that moisturizes and conditions lips. Sunflower butter + vitamin E nourish lips while ultra-fine pigments give bold color and a smooth semi-gloss shine.",,,,,,FINISHED_GOOD,,,,,,,,Y,Company,,,,Brand,Julep,SHOPIFY_PROD_ID:1683863961635,,Julep,,,,,,,,
,It’s Balm Full Coverage Lip Crayon - Vintage Mauve,,,,,0236-0006020,julep-1683863961635,1,,,16.00,,,,,FINISHED_GOOD,,,,,,,,Y,Company,,,,Brand|It's Balm Shade,Julep|Vintage Mauve,SHOPIFY_PROD_ID:31180583403543,,Julep,,,,,,,,
,It’s Balm Full Coverage Lip Crayon - Cherry Wood,,,,,0236-0006015,julep-1683863961635,2,,,16.00,,,,,FINISHED_GOOD,,,,,,,,Y,Company,,,,Brand|It's Balm Shade,Julep|Cherry Wood,SHOPIFY_PROD_ID:40827803697175,,Julep,,,,,,,,
,It’s Balm Full Coverage Lip Crayon - Canyon Rose,,,,,0236-0006028,julep-1683863961635,3,,,16.00,,,,,FINISHED_GOOD,,,,,,,,Y,Company,,,,Brand|It's Balm Shade,Julep|Canyon Rose,SHOPIFY_PROD_ID:31229957341207,,Julep,,,,,,,,
,It’s Balm Full Coverage Lip Crayon - Black Cherry,,,,,0236-0006040,julep-1683863961635,4,,,16.00,,,,,FINISHED_GOOD,,,,,,,,Y,Company,,,,Brand|It's Balm Shade,Julep|Black Cherry,SHOPIFY_PROD_ID:40975386181655,,Julep,,,,,,,,
,It’s Balm Full Coverage Lip Crayon - Rich Plum,,,,,0236-0006043,julep-1683863961635,5,,,16.00,,,,,FINISHED_GOOD,,,,,,,,Y,Company,,,,Brand|It's Balm Shade,Julep|Rich Plum,SHOPIFY_PROD_ID:40975395323927,,Julep,,,,,,,,
,It’s Balm Full Coverage Lip Crayon - 90s Neutral,,,,,0236-0006022,julep-1683863961635,6,,,16.00,,,,,FINISHED_GOOD,,,,,,,,Y,Company,,,,Brand|It's Balm Shade,Julep|90s Neutral,SHOPIFY_PROD_ID:39878455951383,,Julep,,,,,,,,
,It’s Balm Full Coverage Lip Crayon - Brown Sugar,,,,,0236-0006024,julep-1683863961635,7,,,16.00,,,,,FINISHED_GOOD,,,,,,,,Y,Company,,,,Brand|It's Balm Shade,Julep|Brown Sugar,SHOPIFY_PROD_ID:39878464045079,,Julep,,,,,,,,
,It’s Balm Full Coverage Lip Crayon - Island Blossom,,,,,0236-0006037,julep-1683863961635,8,,,16.00,,,,,FINISHED_GOOD,,,,,,,,Y,Company,,,,Brand|It's Balm Shade,Julep|Island Blossom,SHOPIFY_PROD_ID:40975378513943,,Julep,,,,,,,,
,It’s Balm Full Coverage Lip Crayon - Dusty Orchid,,,,,0236-0006029,julep-1683863961635,9,,,16.00,,,,,FINISHED_GOOD,,,,,,,,Y,Company,,,,Brand|It's Balm Shade,Julep|Dusty Orchid,SHOPIFY_PROD_ID:31227658141719,,Julep,,,,,,,,
,It’s Balm Full Coverage Lip Crayon - Brandy Wine,,,,,0236-0006030,julep-1683863961635,10,,,16.00,,,,,FINISHED_GOOD,,,,,,,,Y,Company,,,,Brand|It's Balm Shade,Julep|Brandy Wine,SHOPIFY_PROD_ID:39871601377303,,Julep,,,,,,,,
,It’s Balm Full Coverage Lip Crayon - Sweet Sangria,,,,,0236-0006041,julep-1683863961635,11,,,16.00,,,,,FINISHED_GOOD,,,,,,,,Y,Company,,,,Brand|It's Balm Shade,Julep|Sweet Sangria,SHOPIFY_PROD_ID:40975387918359,,Julep,,,,,,,,
,It’s Balm Full Coverage Lip Crayon - Cashmere Nude,,,,,0236-0006033,julep-1683863961635,12,,,16.00,,,,,FINISHED_GOOD,,,,,,,,Y,Company,,,,Brand|It's Balm Shade,Julep|Cashmere Nude,SHOPIFY_PROD_ID:40544685522967,,Julep,,,,,,,,
,It’s Balm Full Coverage Lip Crayon - Cinnamon Raisin,,,,,0236-0006045,julep-1683863961635,13,,,16.00,,,,,FINISHED_GOOD,,,,,,,,Y,Company,,,,Brand|It's Balm Shade,Julep|Cinnamon Raisin,SHOPIFY_PROD_ID:40975396536343,,Julep,,,,,,,,
,It’s Balm Full Coverage Lip Crayon - Grape Jelly,,,,,0236-0006047,julep-1683863961635,14,,,16.00,,,,,FINISHED_GOOD,,,,,,,,Y,Company,,,,Brand|It's Balm Shade,Julep|Grape Jelly,SHOPIFY_PROD_ID:40975400665111,,Julep,,,,,,,,
,It’s Balm Full Coverage Lip Crayon - That's Sweet,,,,,0236-0006038,julep-1683863961635,15,,,16.00,,,,,FINISHED_GOOD,,,,,,,,Y,Company,,,,Brand|It's Balm Shade,Julep|That's Sweet,SHOPIFY_PROD_ID:40975380938775,,Julep,,,,,,,,
,It’s Balm Full Coverage Lip Crayon - Velvet Nude,,,,,0236-0006044,julep-1683863961635,16,,,16.00,,,,,FINISHED_GOOD,,,,,,,,Y,Company,,,,Brand|It's Balm Shade,Julep|Velvet Nude,SHOPIFY_PROD_ID:40975395913751,,Julep,,,,,,,,
,It’s Balm Full Coverage Lip Crayon - Vamped Up,,,,,0236-0006039,julep-1683863961635,17,,,16.00,,,,,FINISHED_GOOD,,,,,,,,Y,Company,,,,Brand|It's Balm Shade,Julep|Vamped Up,SHOPIFY_PROD_ID:40975383265303,,Julep,,,,,,,,
,It’s Balm Full Coverage Lip Crayon - Iridescence,,,,,0236-0006031,julep-1683863961635,18,,,16.00,,,,,FINISHED_GOOD,,,,,,,,Y,Company,,,,Brand|It's Balm Shade,Julep|Iridescence,SHOPIFY_PROD_ID:40305235197975,,Julep,,,,,,,,
,It’s Balm Full Coverage Lip Crayon - Nectar Pink Creme,,,,,0236-0006003,julep-1683863961635,19,,,16.00,,,,,FINISHED_GOOD,,,,,,,,Y,Company,,,,Brand|It's Balm Shade,Julep|Nectar Pink Creme,SHOPIFY_PROD_ID:31227667447831,,Julep,,,,,,,,
,It’s Balm Full Coverage Lip Crayon - Almond Nude,,,,,0236-0006032,julep-1683863961635,20,,,16.00,,,,,FINISHED_GOOD,,,,,,,,Y,Company,,,,Brand|It's Balm Shade,Julep|Almond Nude,SHOPIFY_PROD_ID:40544685490199,,Julep,,,,,,,,
,It’s Balm Full Coverage Lip Crayon - Burnt Sienna,,,,,0236-0006046,julep-1683863961635,21,,,16.00,,,,,FINISHED_GOOD,,,,,,,,Y,Company,,,,Brand|It's Balm Shade,Julep|Burnt Sienna,SHOPIFY_PROD_ID:40975399780375,,Julep,,,,,,,,
,It’s Balm Full Coverage Lip Crayon - Sahara Sunset,,,,,0236-0006042,julep-1683863961635,22,,,16.00,,,,,FINISHED_GOOD,,,,,,,,Y,Company,,,,Brand|It's Balm Shade,Julep|Sahara Sunset,SHOPIFY_PROD_ID:40975394570263,,Julep,,,,,,,,
,It’s Balm Full Coverage Lip Crayon - Roasted Peach,,,,,0236-0006023,julep-1683863961635,23,,,16.00,,,,,FINISHED_GOOD,,,,,,,,Y,Company,,,,Brand|It's Balm Shade,Julep|Roasted Peach,SHOPIFY_PROD_ID:39878465355799,,Julep,,,,,,,,
